id,SSN,Corporate Account,first_name,last_name,password,email,gender,ip_address
1,387-31-4447,Skyba,Earle,Gathwaite,A53nIB6g,egathwaite0@edublogs.org,Male,149.213.19.178
2,460-81-1585,JumpXS,Helenelizabeth,Horsey,iGq5eZx,hhorsey1@friendfeed.com,Female,185.239.253.79
3,579-08-7651,Kayveo,Saudra,Adamowicz,AfHq0d6,sadamowicz2@posterous.com,Female,74.193.79.239
4,142-95-7518,Centimia,Renae,Prandini,PO3aGDbmJBir,rprandini3@microsoft.com,Female,239.58.123.127
5,648-85-5597,Skajo,Yvon,Pattie,v6yq4EDvI,ypattie4@bloomberg.com,Male,190.232.22.64
6,442-43-3581,Yombu,Lishe,Jost,H64cnC,ljost5@yolasite.com,Female,5.230.158.149
7,275-76-1659,Kamba,Rollin,Shillinglaw,1coH6RrJR,rshillinglaw6@infoseek.co.jp,Male,0.97.13.206
8,510-54-6554,Flashpoint,Jeri,John,Y6drWzFTROr,jjohn7@stumbleupon.com,Female,172.160.73.242
9,194-32-6403,Brainsphere,Rubina,Tellenbrook,UOe6WYi,rtellenbrook8@soundcloud.com,Female,202.108.122.201
10,765-94-8702,Oyope,Lilias,Sparling,icpuyAW,lsparling9@cafepress.com,Female,40.214.241.191
11,696-30-4373,Pixope,Teena,Cordell,nvpuOqVnsx,tcordella@feedburner.com,Female,9.5.171.98
12,175-50-3532,Photobean,Anton,Pardoe,uAh7amYuE,apardoeb@blogger.com,Male,61.65.116.158
13,534-08-8146,Trilia,Ronni,Busse,74ZhLCri,rbussec@vk.com,Female,122.146.253.164
14,499-06-1602,Realcube,Chrissy,Duckerin,5cWorH,cduckerind@netscape.com,Male,37.221.145.111
15,320-52-5916,Izio,Julio,Buckeridge,KbC1kjeADok,jbuckeridgee@moonfruit.com,Male,98.150.47.47
16,705-29-6384,Vinder,Natale,Abramow,FlW3dLYz,nabramowf@cbsnews.com,Male,58.216.63.168
17,781-53-2167,Babblestorm,Darby,Mullender,2trsr4KU,dmullenderg@phpbb.com,Female,29.62.28.176
18,184-56-3918,Agimba,Evelina,Belson,Q4HRSROD0,ebelsonh@shop-pro.jp,Female,173.130.88.11
19,303-57-7927,Kamba,Elle,Dowyer,mtnpJWSnpl,edowyeri@hostgator.com,Female,92.4.0.50
20,837-24-8360,Jabbertype,Basile,Pratt,khCj4C3bH4NA,bprattj@gmpg.org,Male,81.31.227.133
21,707-62-9284,Browsezoom,Waly,Basilotta,wpm46BD4ultC,wbasilottak@nps.gov,Female,174.103.58.72
22,493-07-7033,Zoonoodle,Janeen,Lante,yy2ho0pZLk,jlantel@wordpress.com,Female,255.27.25.62
23,807-41-8610,Skinder,Tina,Tome,eTjeC94ir,ttomem@yellowbook.com,Female,91.25.7.78
24,764-06-1575,Jaloo,Rene,Farny,ee6AMDkSSQqc,rfarnyn@canalblog.com,Male,135.137.205.70
25,633-27-6821,Gabtype,Lotte,Scole,CiciErh7D,lscoleo@vinaora.com,Female,152.100.118.20
26,223-79-2861,Skyvu,Rena,Mawhinney,PQmElLX,rmawhinneyp@ibm.com,Female,57.117.241.214
27,229-97-5234,Ntag,Dukey,Campione,QZhaht,dcampioneq@chronoengine.com,Male,226.240.133.146
28,446-63-6319,Twimm,Zebadiah,Halliwell,RJkrQI6CX,zhalliwellr@hao123.com,Male,86.125.168.182
29,132-10-9378,Kare,Ellene,Chadband,2GDlM2enjFn5,echadbands@state.tx.us,Female,230.75.2.87
30,857-54-4629,Plajo,Pippo,Baildon,ZgVJRzpnF,pbaildont@epa.gov,Male,14.187.15.132
31,537-78-4324,Leexo,Star,Lecordier,8Rwbl2ENzow,slecordieru@twitter.com,Female,246.6.251.35
32,262-82-5458,Demizz,Niccolo,Henderson,l2xkQM,nhendersonv@i2i.jp,Male,25.94.117.11
33,227-84-5484,Oloo,Carolee,Cordingly,Xkfvm0,ccordinglyw@archive.org,Female,140.102.43.80
34,326-77-1183,Dabtype,Abbi,MacUchadair,rbqCqZ,amacuchadairx@de.vu,Female,108.163.74.42
35,859-27-6824,Shufflester,Joshua,Oselton,ZzQqNSb,joseltony@ft.com,Male,124.5.149.102
36,201-31-7476,Trunyx,Aloise,O'Corrane,2LVY7rXzJHL,aocorranez@oaic.gov.au,Female,158.122.160.39
37,250-76-9439,Buzzdog,Keane,Jeffreys,ZrAmBi,kjeffreys10@yelp.com,Male,2.67.182.0
38,365-94-2443,Eidel,Abrahan,More,Y62ghACwgU3f,amore11@storify.com,Male,46.212.203.251
39,532-82-2069,Realcube,Maurine,Hendron,PHWQhQP3oYu,mhendron12@yahoo.com,Female,178.191.246.207
40,830-98-8551,Quinu,Etty,Chezelle,KJu0igY5My,echezelle13@alibaba.com,Female,54.212.166.216
41,104-21-6360,Twinte,Odetta,Sailor,qA1CU4s4i2,osailor14@go.com,Female,126.187.224.87
42,718-42-9101,Kazu,Cyndia,Wittke,jWmiEgWY,cwittke15@slate.com,Female,34.119.185.63
43,426-96-4244,Zava,Chrystel,Swetland,4l4VbKFRp0,cswetland16@state.tx.us,Female,188.187.125.165
44,264-64-2703,Jetpulse,Morganica,Chantree,3VMJT5OhwdW,mchantree17@ow.ly,Female,250.50.168.1
45,654-04-2229,Aivee,Berk,Newlan,4G86vWB,bnewlan18@sfgate.com,Male,45.202.31.48
46,492-96-1509,Skalith,Nananne,Readshall,FodHSAkM9l,nreadshall19@wiley.com,Female,82.183.45.68
47,542-07-7876,Realblab,Claudia,Haps,29nM2KG2,chaps1a@alexa.com,Female,153.234.112.117
48,578-26-4466,Voolith,Roselle,Cinnamond,SOZDiZ,rcinnamond1b@issuu.com,Female,44.199.135.27
49,841-75-0559,Wordify,Flossie,Ariss,b5dZEqCdvfkw,fariss1c@chicagotribune.com,Female,75.96.206.74
50,805-45-6521,Jamia,Diannne,McNaught,WwSExC,dmcnaught1d@cbsnews.com,Female,254.72.46.95
51,152-82-1859,Trunyx,Haley,Mereweather,uCndJqkB5,hmereweather1e@xing.com,Male,1.211.236.6
52,429-79-4174,Snaptags,Cherye,Blees,QavlFWF4SKw,cblees1f@nasa.gov,Female,198.78.52.36
53,846-83-2512,Chatterbridge,Lila,Yve,8FZ5vNhqqxu,lyve1g@nationalgeographic.com,Female,198.80.208.126
54,153-74-4941,Oodoo,Karel,Riddington,16wZIb,kriddington1h@ameblo.jp,Female,46.130.36.26
55,342-29-8542,Wikibox,Elsbeth,Farn,vucYTBaNHHMV,efarn1i@hud.gov,Female,164.18.254.117
56,745-63-8166,Devpoint,Barde,Ince,ZcEDKT0P78QI,bince1j@netlog.com,Male,167.86.173.43
57,310-87-5085,Katz,Ly,Hallet,e0B1GnyN0e,lhallet1k@comsenz.com,Male,10.49.151.213
58,701-04-0683,Trilia,Valdemar,Weaving,SC6ksRcw,vweaving1l@weibo.com,Male,51.242.98.165
59,875-17-6929,Topicstorm,Garnet,Burchmore,Gxnig0r,gburchmore1m@abc.net.au,Female,183.92.232.137
60,301-47-2696,Wikibox,Michaella,Pesik,FbMg5K,mpesik1n@mayoclinic.com,Female,49.34.128.78
61,317-74-9660,Skyble,Stafford,Ivashnyov,1KMIhFV,sivashnyov1o@ed.gov,Male,100.109.201.49
62,509-10-2993,Skynoodle,Victor,Laxton,RalH7yKLL,vlaxton1p@cpanel.net,Male,237.151.134.106
63,252-88-3135,Skynoodle,Rayshell,Caswell,bSsVtHAWEZ3,rcaswell1q@wired.com,Female,75.155.115.1
64,802-04-0650,Jabbertype,Sterling,Antonsson,8cOmarMX6OX,santonsson1r@reference.com,Male,112.96.210.108
65,599-18-4078,Zoonder,Madelin,Jeffries,cXPPGo,mjeffries1s@ed.gov,Female,166.42.170.63
66,193-40-3219,Yakijo,Lizzy,Coal,eFr3iKUEb,lcoal1t@princeton.edu,Female,198.1.113.158
67,387-52-9082,Blogtags,Asia,Wilgar,GzFzdlIQ,awilgar1u@seesaa.net,Female,62.12.221.15
68,225-14-9727,Oodoo,Vernon,Poultney,J7sqFZUs59u7,vpoultney1v@mac.com,Male,153.46.166.187
69,742-15-8485,Devpulse,Jacques,Hoyer,OJPBHPw4H,jhoyer1w@vistaprint.com,Male,92.101.195.51
70,560-95-3494,Eidel,Lexy,Olliar,pwBXFa5dn,lolliar1x@blogger.com,Female,5.96.151.169
71,363-47-8205,Buzzdog,Gabriel,Linbohm,6Ck0SA6f3a,glinbohm1y@de.vu,Male,94.3.249.103
72,330-86-1272,Topiczoom,Maris,Dunnan,RIdGhOfyyqzo,mdunnan1z@wikipedia.org,Female,182.165.240.126
73,251-19-5279,Feednation,Armin,Cashen,aG2G4f,acashen20@blogtalkradio.com,Male,192.58.170.213
74,359-80-8764,Meejo,Jerrine,Jaulme,JV5yLXd,jjaulme21@bizjournals.com,Female,73.203.238.74
75,256-56-9585,Linklinks,Nikolas,Larwell,TXdcGv,nlarwell22@skype.com,Male,176.137.211.114
76,196-54-3256,Centidel,Alejandro,Reford,9YGQCzP,areford23@mysql.com,Male,14.132.49.169
77,670-95-2854,Zoomzone,Mayer,Ludee,T5ZMf9kTq2ny,mludee24@ycombinator.com,Male,28.192.157.208
78,726-19-7955,Eimbee,Bondie,Gallehawk,O6ZZlhRFeH,bgallehawk25@globo.com,Male,154.21.152.85
79,461-84-9920,Eimbee,Randene,Cornilleau,7ecTQK,rcornilleau26@live.com,Female,110.42.61.51
80,775-76-3348,Thoughtblab,Poul,Eagles,yI6NnrPDUwNj,peagles27@nydailynews.com,Male,82.122.57.157
81,289-83-3972,Blognation,Adi,Domek,Kj4W3epoh,adomek28@google.ca,Female,164.16.121.155
82,737-95-2655,Jabbersphere,Binny,Lanchbery,N8T9G7665Qrm,blanchbery29@shop-pro.jp,Female,65.138.161.216
83,170-50-0998,Devcast,Rudolfo,Firebrace,t6pjzD,rfirebrace2a@paginegialle.it,Male,33.110.104.83
84,175-30-4459,Browseblab,Mora,Orbine,CH6wxFBOb4ie,morbine2b@gravatar.com,Female,1.30.50.132
85,350-14-5010,Brainverse,Mabel,Shobrook,CU4Xsp,mshobrook2c@1688.com,Female,80.93.7.215
86,728-86-9689,Rhycero,Carver,Shilstone,9GInLwSEZRh,cshilstone2d@vkontakte.ru,Male,126.198.17.206
87,375-21-8875,Shuffletag,Marigold,Wakeling,xrx25AKSwrJ,mwakeling2e@timesonline.co.uk,Female,242.249.144.141
88,156-42-7636,Oyope,Bernie,Maestro,EP7YyOW,bmaestro2f@fda.gov,Female,127.219.15.122
89,771-39-4128,Realblab,Cindie,Deeble,kSgtwM,cdeeble2g@huffingtonpost.com,Female,6.230.46.249
90,131-21-4956,Flipstorm,Mara,McGuire,s6gvDkpNzEU,mmcguire2h@flickr.com,Female,230.36.71.2
91,113-67-0572,Rhynyx,Hammad,Delamaine,dHvi9GQ,hdelamaine2i@rediff.com,Male,15.253.248.41
92,509-50-7208,Mita,Andonis,Lamberteschi,nzGaSU7IsU,alamberteschi2j@army.mil,Male,66.126.211.18
93,761-89-2614,Rhynoodle,Margit,Kohneke,XU7wTtn,mkohneke2k@plala.or.jp,Female,83.73.83.25
94,680-85-4692,Dazzlesphere,Udale,Butterfill,V6VmLeNW,ubutterfill2l@alexa.com,Male,43.240.149.114
95,878-64-3461,Devpoint,Blondie,Palek,fEK4Fy,bpalek2m@networksolutions.com,Female,49.53.76.244
96,487-45-8014,Topicware,Burton,Bleakley,1pVOWymb,bbleakley2n@mediafire.com,Male,97.37.31.28
97,118-38-1770,Edgeblab,Howie,Askam,zPXU3ij,haskam2o@ted.com,Male,44.204.189.0
98,746-78-9608,Yodel,August,Rotham,VytZ6Q34,arotham2p@cnn.com,Male,36.29.78.179
99,833-03-1332,Dabfeed,Duncan,Matasov,Bjyii4OLPavk,dmatasov2q@yahoo.co.jp,Male,214.171.53.78
100,517-25-6855,Zoonoodle,Everard,Yemm,NPmctJfRW,eyemm2r@typepad.com,Male,146.82.144.249
101,321-48-2845,Dynava,Bret,Gebuhr,XfUxypid,bgebuhr2s@nytimes.com,Male,15.54.1.62
102,345-66-7269,Npath,Allene,Chicco,hz9HNEvHAfPo,achicco2t@soup.io,Female,155.142.74.111
103,650-51-3142,Jaxnation,Ev,Whild,8ffKgb,ewhild2u@hostgator.com,Male,7.209.78.149
104,205-96-2322,Centimia,Bertie,Haisell,JhJNF3CSB,bhaisell2v@wufoo.com,Female,15.99.42.75
105,690-25-1094,Eamia,Toby,Lagadu,s7A0Fj3,tlagadu2w@yellowbook.com,Female,38.89.113.62
106,884-36-1285,Topicblab,Kingsly,Maddison,BZFOoP9zV5Pl,kmaddison2x@oaic.gov.au,Male,84.189.123.229
107,247-27-3737,Kwimbee,Kerr,Lattimore,PFbxUX,klattimore2y@sun.com,Male,74.152.168.127
108,286-73-0209,Wordpedia,Trumaine,Marklin,IImWnd,tmarklin2z@woothemes.com,Male,187.173.10.173
109,263-72-2414,Tazzy,Annis,Alanbrooke,RoYGqvQkjb,aalanbrooke30@cargocollective.com,Female,41.184.54.45
110,511-63-1501,Meetz,Lainey,O'Keefe,5McbOG,lokeefe31@businessweek.com,Female,111.108.238.65
111,593-91-2199,Browsecat,Mallorie,Rosenstein,KOldp3M8gp,mrosenstein32@macromedia.com,Female,16.17.108.11
112,743-32-1097,Zooxo,Madelon,Fortnam,BNfCPMF73J,mfortnam33@ucoz.com,Female,27.234.216.165
113,454-67-8688,Izio,Gilbert,Abramzon,pbaMqe0K,gabramzon34@google.com.br,Male,109.43.20.21
114,688-80-6918,Mymm,Fidole,Turfus,CmYeuuKnGx,fturfus35@un.org,Male,104.6.140.57
115,794-30-2386,Demimbu,Hortense,Rolfi,pbaeOk9IthXH,hrolfi36@multiply.com,Female,7.96.107.90
116,851-25-2974,Youspan,Millard,Sollars,fvTWy7lJ5RH,msollars37@ameblo.jp,Male,168.203.74.174
117,179-27-4827,Nlounge,Joane,Ashmole,uAEZHFEX0S26,jashmole38@about.com,Female,192.128.206.35
118,455-14-8663,Jamia,Lovell,Nazair,vczAf62M9O,lnazair39@addthis.com,Male,57.145.27.129
119,750-23-6712,Rhyzio,Celestine,Lidgerton,Tcx5cP198,clidgerton3a@europa.eu,Female,14.37.95.156
120,186-19-1782,Gigashots,Moe,Kellegher,vNYKxpbV0C9,mkellegher3b@wikia.com,Male,117.128.167.79
121,812-77-3268,Skalith,Carter,Physic,e0Tu98V3LMh,cphysic3c@irs.gov,Male,34.69.88.5
122,285-36-0183,Demimbu,Bonnibelle,Pestricke,hsDJKIcVM2,bpestricke3d@apache.org,Female,240.193.186.19
123,164-23-3347,Skyvu,Rosalinda,Yakebovitch,7IMFqRtplC,ryakebovitch3e@state.gov,Female,211.95.237.174
124,754-89-1526,Fiveclub,Gracia,Seller,5uAISiO6vqJ,gseller3f@businessweek.com,Female,200.111.125.32
125,754-54-3830,Npath,Krystal,Bredgeland,jkAUJD,kbredgeland3g@twitter.com,Female,230.185.193.187
126,206-59-5655,Buzzster,Yasmin,Routham,f8x7nPs4bej,yroutham3h@bluehost.com,Female,192.55.17.136
127,468-56-4096,Katz,Malorie,Carrack,dEmtMKz4F4,mcarrack3i@dell.com,Female,56.205.159.176
128,785-42-1212,Wordify,Rancell,Sprigings,zO3pAZ,rsprigings3j@fastcompany.com,Male,37.29.138.245
129,865-47-3449,Realblab,Allister,Fosdyke,yXQZQ3t0XUFh,afosdyke3k@wunderground.com,Male,230.140.37.123
130,689-78-4533,Fadeo,Marni,Stapforth,fAqICGib,mstapforth3l@abc.net.au,Female,78.68.23.229
131,115-46-1317,Dynava,Judy,Finlow,hCBukUE,jfinlow3m@wikia.com,Female,237.180.35.53
132,787-13-6078,Edgeclub,Lock,Jedrzaszkiewicz,A0GQfi5q,ljedrzaszkiewicz3n@feedburner.com,Male,205.119.255.233
133,174-90-8843,Edgetag,Jory,O'Kelly,klR4jTnMpJ,jokelly3o@disqus.com,Male,238.122.241.20
134,636-71-7195,Thoughtworks,Dale,Dillintone,dFTQylP65km,ddillintone3p@japanpost.jp,Male,58.106.247.65
135,673-15-6575,Zoomdog,Lizabeth,Culverhouse,Tn9qTyR,lculverhouse3q@cdc.gov,Female,25.137.204.164
136,564-99-4146,Skinte,Delly,Lapworth,OJPVLb8c,dlapworth3r@businessinsider.com,Female,137.14.212.154
137,156-45-8772,Twitterworks,Neile,Farquarson,XpwLTAOkV,nfarquarson3s@mozilla.com,Female,172.160.202.94
138,889-92-2336,Agimba,Ashlen,Mansour,fOGGMIkLHM3q,amansour3t@cnn.com,Female,168.22.221.123
139,112-28-3759,Photolist,Christiane,Woolfoot,od6Esed8,cwoolfoot3u@typepad.com,Female,93.118.229.228
140,750-82-4835,Yadel,Simon,Pluthero,fLVcaMKq,spluthero3v@bloomberg.com,Male,186.189.208.7
141,429-45-7609,Youspan,Inglebert,Murname,z8s2qi6ZBiHL,imurname3w@creativecommons.org,Male,64.167.254.211
142,332-31-5753,Jabbersphere,Rudy,Paullin,CKCyeHm8TU,rpaullin3x@whitehouse.gov,Male,109.229.172.250
143,196-46-3796,Bubblebox,Kevina,Vogeller,4D1OSq8,kvogeller3y@wikispaces.com,Female,245.122.61.224
144,108-46-4492,Jamia,Sibley,Stenson,UGlMyh,sstenson3z@histats.com,Female,151.159.214.171
145,777-91-9005,Realfire,Nananne,Strethill,EJhhqMrc,nstrethill40@illinois.edu,Female,125.176.91.55
146,553-76-8882,Meetz,Harper,Earney,KT0oMDG,hearney41@nasa.gov,Male,117.86.47.34
147,819-80-5447,Yombu,Austina,Husband,xUMVRKTKUoA,ahusband42@hc360.com,Female,221.159.189.179
148,535-06-2656,Vidoo,Tandy,Hounihan,Qd9giPh,thounihan43@edublogs.org,Female,3.121.64.148
149,653-27-7326,Latz,Merrili,Baldocci,1mJYP2rtl,mbaldocci44@barnesandnoble.com,Female,84.40.59.35
150,603-94-3938,Digitube,Roch,Hachette,zVGVdgghCqF,rhachette45@tumblr.com,Female,132.140.108.183
151,423-55-7820,Babbleopia,Early,Leggatt,46gEkljND4,eleggatt46@merriam-webster.com,Male,104.153.118.215
152,817-46-1964,Fivebridge,Daisey,Polack,Fg7Q5eAXLf,dpolack47@symantec.com,Female,135.159.135.21
153,137-74-2443,Kamba,Helena,Smallacombe,s3q5c30VvNDH,hsmallacombe48@vk.com,Female,26.65.62.24
154,121-14-9668,Wordpedia,Dianemarie,Paulmann,PumZUnap,dpaulmann49@fotki.com,Female,168.244.75.78
155,630-57-8653,Dabvine,Felice,Corradino,mD3ZdbZnV,fcorradino4a@arizona.edu,Female,122.204.195.169
156,689-84-9435,Quatz,Hadleigh,Heintze,fwGl5ZPEf,hheintze4b@w3.org,Male,75.11.71.152
157,221-70-8129,Twitterwire,Gennie,Stowe,xltBEU,gstowe4c@paypal.com,Female,43.95.199.207
158,572-56-0623,Eazzy,Shepherd,Frensche,DwQ63pnJ,sfrensche4d@vk.com,Male,2.143.2.203
159,842-93-4214,Jazzy,Dunstan,O'dell,86OaIjthg,dodell4e@goo.gl,Male,89.131.2.32
160,821-48-9804,Fiveclub,Geno,Taw,AemP6akH,gtaw4f@feedburner.com,Male,88.99.35.57
161,787-75-2335,Skipfire,Karna,Foggo,7qcOOq40ozbA,kfoggo4g@nba.com,Female,30.149.175.235
162,159-85-6243,Quinu,Ula,Gillatt,thIuI7u4llG,ugillatt4h@fotki.com,Female,244.22.91.234
163,415-98-2903,Gevee,Egan,Catherick,Bigb4PuP,ecatherick4i@marketwatch.com,Male,106.220.249.99
164,438-11-0060,Yotz,Rozanna,Rosenstein,Zsy1aPRE6x,rrosenstein4j@wunderground.com,Female,228.57.109.2
165,358-43-4292,Edgeify,Barbabas,Rizzillo,ZZiuIO,brizzillo4k@scribd.com,Male,244.203.184.13
166,764-67-9029,Yabox,Austin,Pfeffer,5tpAEoI,apfeffer4l@theatlantic.com,Male,191.209.81.68
167,845-83-2038,Fiveclub,Bram,McQuode,xDtZbc9ANwo1,bmcquode4m@gravatar.com,Male,160.95.111.31
168,403-98-5921,Shufflester,Alyson,Troppmann,XJs9ACgigQuF,atroppmann4n@typepad.com,Female,157.145.73.148
169,423-92-5086,Tagcat,Katheryn,Vallintine,C62BEU5,kvallintine4o@cornell.edu,Female,140.126.239.199
170,549-25-7806,Quaxo,Illa,Castella,3v0GPaoUVcr,icastella4p@fda.gov,Female,153.100.223.227
171,570-19-1347,Voonyx,Georgetta,Kenyam,jxXo6bvghXq,gkenyam4q@irs.gov,Female,250.159.168.21
172,684-34-1147,DabZ,Karola,Kibbye,OCgvLwePv7E1,kkibbye4r@zdnet.com,Female,113.241.85.163
173,846-63-4593,Jazzy,Teador,Klimschak,AITvB3,tklimschak4s@amazonaws.com,Male,193.148.19.4
174,836-60-4993,Mymm,Daron,Teresa,MkB3Ye,dteresa4t@gnu.org,Male,111.9.218.110
175,252-20-7195,Zoomlounge,Panchito,Whinney,a6v8qnyZ1X4,pwhinney4u@walmart.com,Male,203.110.178.210
176,496-58-2506,Skyndu,Cahra,Toller,WiL5Gd2m8C,ctoller4v@dyndns.org,Female,31.11.158.219
177,254-77-1607,Kwimbee,Cathe,Keetch,dz8Y0Ksa2E,ckeetch4w@last.fm,Female,186.25.145.158
178,635-72-4238,Kazu,Skipper,Rowantree,Ihkv2a72,srowantree4x@salon.com,Male,15.234.106.116
179,424-18-4502,Tazz,Nikki,Josephson,u8IbnssVP2H,njosephson4y@tripod.com,Male,116.118.176.111
180,245-33-2651,Dablist,Birk,Tointon,JsPBtLFFwVQ,btointon4z@weather.com,Male,41.70.229.118
181,291-07-0685,Pixonyx,Dallon,Goodey,s5aln1rsrz,dgoodey50@google.com,Male,158.224.84.91
182,319-01-1313,Flipopia,Catie,Moules,a7vYVn,cmoules51@ehow.com,Female,230.74.208.5
183,565-09-6104,Twitterlist,Heida,Thrustle,tXci051IF,hthrustle52@google.co.jp,Female,163.74.122.24
184,137-16-2761,Skaboo,Elberta,Jonke,06lZyh5P1RCz,ejonke53@shutterfly.com,Female,18.90.153.41
185,487-22-1411,Feednation,Gael,Pershouse,U6BPHszc,gpershouse54@arizona.edu,Male,245.2.121.238
186,412-07-4053,Rhycero,Joleen,Twigge,ztT57b,jtwigge55@goo.gl,Female,40.109.108.7
187,811-92-8572,Bubblebox,Amabelle,Shervil,iCMyKU4w,ashervil56@cyberchimps.com,Female,14.76.45.84
188,876-06-5536,Centizu,Ashley,Bauldry,7DH9B5a7z75,abauldry57@csmonitor.com,Male,79.176.248.254
189,153-23-3596,Kare,Graeme,Copner,UHEZzH,gcopner58@bizjournals.com,Male,169.140.185.42
190,287-30-5182,Eidel,Wilfrid,Gruszczak,PQAdCJWx5,wgruszczak59@zimbio.com,Male,91.238.231.207
191,808-86-2974,Twimm,Bob,Caustick,a3cMROWd9,bcaustick5a@sciencedaily.com,Male,95.227.137.126
192,510-35-2341,Skynoodle,Ragnar,Taggart,3hdkC0nv,rtaggart5b@gmpg.org,Male,193.40.17.195
193,746-74-0622,Topiclounge,Alejandrina,O'Hern,YWb7jIn9Gz,aohern5c@apache.org,Female,130.134.97.247
194,211-20-4238,Mycat,Lucius,Hughlock,a0tp4PbYX,lhughlock5d@desdev.cn,Male,99.186.93.28
195,405-40-0539,Oyoyo,Seymour,Wilds,Dyqi9hJFW2fo,swilds5e@reddit.com,Male,218.94.137.192
196,883-30-9786,Yodel,Penrod,Drains,XJxu0z26,pdrains5f@constantcontact.com,Male,94.195.140.243
197,832-84-4913,Thoughtworks,Hieronymus,Vampouille,J34L9S,hvampouille5g@spiegel.de,Male,47.18.155.198
198,323-18-1842,Oba,Dimitry,Mineghelli,lK5ZNHgWW,dmineghelli5h@sun.com,Male,168.237.109.50
199,443-84-7664,Brainlounge,Sheela,Pashler,6Gvki5r6kWEg,spashler5i@wiley.com,Female,241.93.132.144
200,648-90-8697,Zoovu,Sinclair,Pane,s1Kkk54B,spane5j@sphinn.com,Male,14.59.229.134
201,803-59-2503,Skiba,Erwin,Strut,mtC76ggUO9O,estrut5k@cnn.com,Male,74.19.180.132
202,522-36-7468,Wikido,Tawnya,McVicar,pJP3Tl5f,tmcvicar5l@sourceforge.net,Female,116.92.49.52
203,211-53-2998,DabZ,Allin,Peegrem,7pCVIt1A7a2,apeegrem5m@elegantthemes.com,Male,107.72.234.13
204,751-28-3609,Jayo,Muffin,Plomer,7IIt5x8k68w,mplomer5n@ucoz.com,Female,62.21.182.67
205,521-23-4221,Realbuzz,Verge,Bottomer,gpz07Pi7Nm,vbottomer5o@smh.com.au,Male,229.226.50.65
206,417-67-7499,Nlounge,Pebrook,Swaisland,S0cOPIHgrMB,pswaisland5p@patch.com,Male,126.143.161.139
207,494-34-3556,Voomm,Ives,Bergeau,EJI58Z1eAIx4,ibergeau5q@google.nl,Male,66.195.51.143
208,695-77-2731,Voonix,Dena,Orsay,rFFNxLtk,dorsay5r@sohu.com,Female,40.208.165.143
209,463-02-3522,Flipbug,Fran,Hainsworth,jVYG1HBKxmU,fhainsworth5s@ed.gov,Female,25.241.75.45
210,133-73-2016,Buzzbean,Calla,Rizon,dl3seHTzy,crizon5t@ezinearticles.com,Female,248.27.22.86
211,240-80-6480,Babbleset,Barbara-anne,Nuemann,kTUYka,bnuemann5u@ovh.net,Female,89.237.238.99
212,103-77-3630,Meemm,Katherine,Gorvette,ObrqWfcBrze,kgorvette5v@examiner.com,Female,102.246.161.248
213,897-71-5122,Twimm,Ivy,Purchase,IYdFQom,ipurchase5w@mozilla.org,Female,83.213.69.76
214,408-22-9479,Topicstorm,Bondon,Pert,hgXAXhqdEi1V,bpert5x@loc.gov,Male,46.37.204.28
215,292-10-6663,Trupe,Avram,Cuffin,MT9LusIdd,acuffin5y@usda.gov,Male,252.3.90.179
216,615-35-8542,Livefish,Olia,Poge,SzOLFtox,opoge5z@washington.edu,Female,253.97.200.230
217,220-87-1894,Zoombeat,Dredi,Acreman,H88gkd6rR,dacreman60@ameblo.jp,Female,189.201.144.17
218,326-27-3905,Livefish,Steffane,Bassingden,y8LbCYfUy,sbassingden61@guardian.co.uk,Female,106.46.204.64
219,757-77-5771,Feednation,Ezra,Pepis,5t1z6a,epepis62@reference.com,Male,79.48.234.140
220,173-42-4661,Youspan,Alverta,Arnaudon,m5Fu3yXULn,aarnaudon63@phpbb.com,Female,64.90.89.215
221,522-06-6456,Eayo,Forster,Maykin,umDlncTRM2M,fmaykin64@ovh.net,Male,173.34.181.139
222,622-20-2829,Katz,Sisile,Godrich,t6wLYIH,sgodrich65@networkadvertising.org,Female,248.7.38.28
223,199-21-5312,Centidel,Ikey,Spackman,LAPeOICC,ispackman66@yahoo.com,Male,170.237.236.246
224,235-53-9315,Einti,Rafael,Castenda,F4ATEuN7Fl0D,rcastenda67@multiply.com,Male,33.117.48.162
225,105-72-1627,Dabfeed,Si,Carstairs,JJGkfQo0,scarstairs68@gov.uk,Male,230.56.5.141
226,608-80-4303,Talane,Merell,Gusney,eBg818qznf,mgusney69@google.fr,Male,176.108.90.144
227,577-36-4669,Meezzy,Jonathon,Deyenhardt,DkmEx6,jdeyenhardt6a@g.co,Male,152.61.59.7
228,782-45-3984,Youspan,Karyl,Addenbrooke,sIcbUZAb,kaddenbrooke6b@java.com,Female,211.229.169.181
229,579-99-5754,Yombu,Nolly,Empson,OrMZSL7wc,nempson6c@parallels.com,Male,132.224.37.56
230,414-01-8533,Layo,Fawnia,Dimbleby,DiRe3p6tKtTg,fdimbleby6d@netlog.com,Female,4.26.211.210
231,620-99-0730,Eimbee,Bordy,Hutchings,UoenhYFG,bhutchings6e@freewebs.com,Male,252.104.75.30
232,257-01-9233,Topicstorm,Goober,Late,C68Wxyi,glate6f@globo.com,Male,218.176.161.16
233,513-56-1136,Realpoint,Andrea,Simes,ElHaXI,asimes6g@yahoo.co.jp,Female,207.52.155.112
234,737-87-4245,Quaxo,Jeanine,Adam,FBZMvReui,jadam6h@sogou.com,Female,195.48.59.230
235,896-30-5369,Aimbu,Saudra,Labro,GcmaQtIbiVpF,slabro6i@livejournal.com,Female,225.69.177.90
236,444-67-2215,Trudoo,Waite,Van Dale,DSYEUITN,wvandale6j@kickstarter.com,Male,230.91.210.70
237,623-81-5755,Vipe,Jonah,Horsted,yl3xCcI8Qpq,jhorsted6k@yellowpages.com,Male,234.32.234.221
238,546-21-2677,Yoveo,Erroll,Boutellier,4dy87kSX,eboutellier6l@hubpages.com,Male,54.228.110.230
239,713-98-7043,Tanoodle,Ewan,Gippes,HtdUs3jL,egippes6m@columbia.edu,Male,212.80.44.145
240,675-11-3431,Feedspan,Tarrah,Espinay,YGGbee9erG,tespinay6n@theatlantic.com,Female,38.54.65.220
241,569-29-7812,Rhynoodle,Fremont,Bever,hg3vXLj,fbever6o@youtu.be,Male,66.68.50.97
242,391-95-5371,Wordware,Elfrieda,Maddin,heViEaeNF,emaddin6p@hp.com,Female,142.59.128.190
243,849-32-6974,Jatri,Cissy,Vanin,SU1m6l4edUV,cvanin6q@microsoft.com,Female,20.19.62.10
244,494-66-7883,Wikizz,Michaeline,Heathorn,FCbhMeCNuwf,mheathorn6r@vkontakte.ru,Female,138.78.154.56
245,192-15-0558,Divavu,Asher,Grinikhin,teUdj4cuV,agrinikhin6s@irs.gov,Male,216.77.253.243
246,458-59-6483,Voolia,Maurise,Major,taPrpGEbb2,mmajor6t@over-blog.com,Female,38.122.3.127
247,517-53-9367,Jetwire,Elisha,Dolphin,rVhQ7r,edolphin6u@google.com.br,Female,195.249.65.220
248,118-96-4446,Tazzy,Shep,Enos,OfbHU8z,senos6v@webeden.co.uk,Male,28.177.37.85
249,869-37-0889,Buzzshare,Chris,Zecchi,WPTBNEfZYz,czecchi6w@hugedomains.com,Male,198.249.105.251
250,692-96-9974,Topicstorm,Halimeda,Chatainier,aprAPA,hchatainier6x@cnet.com,Female,247.202.49.52
251,113-16-0633,Abatz,Sally,Dabbes,DFvvFM8d,sdabbes6y@baidu.com,Female,9.118.206.27
252,887-83-4692,Realcube,Natale,Petty,OdEcaVzTkOxL,npetty6z@creativecommons.org,Male,241.7.66.209
253,222-90-3923,Rhyzio,Duffie,Fasset,HG6UwDYxoh0F,dfasset70@sciencedirect.com,Male,188.32.142.237
254,523-37-7988,Roomm,Heywood,Scougall,Y54bwnVGYUcL,hscougall71@e-recht24.de,Male,35.81.228.173
255,518-52-9530,Plambee,Shaine,Chrippes,Mc8EyM,schrippes72@bbc.co.uk,Male,214.109.189.37
256,287-38-8616,Skaboo,Dario,Newlands,Di99EH,dnewlands73@issuu.com,Male,177.207.181.17
257,689-91-2382,Centidel,Diandra,Greendale,zOyfhY3px8,dgreendale74@merriam-webster.com,Female,202.18.177.4
258,187-20-3393,Thoughtsphere,Patrice,MacQuarrie,zvX4cO,pmacquarrie75@cdbaby.com,Male,144.29.234.127
259,267-46-6139,Linklinks,Blake,Palliser,JgXKnDH3,bpalliser76@biblegateway.com,Male,132.237.254.113
260,652-94-6991,Avamm,Gardiner,Anshell,95gBtr,ganshell77@nbcnews.com,Male,75.106.212.7
261,500-99-0097,Jabberstorm,Trista,Morriss,HWjbDgnHq,tmorriss78@dot.gov,Female,85.76.219.1
262,108-67-9400,Tagpad,Scarlet,Somes,LZqwzlr,ssomes79@freewebs.com,Female,230.226.253.112
263,799-49-1088,Quamba,Nolana,Kimbling,3Vf1ZcyvZS,nkimbling7a@topsy.com,Female,59.87.162.145
264,782-95-4072,Gigaclub,Camile,Wreak,Lwbqw1D6,cwreak7b@xrea.com,Female,125.166.175.120
265,144-06-2953,Jaxspan,Goldarina,Harries,Skg1vNhsR,gharries7c@uol.com.br,Female,33.171.20.154
266,843-44-1914,Jaxworks,Taffy,Gradly,HllLqAAD,tgradly7d@exblog.jp,Female,99.111.66.230
267,412-72-7033,Browsetype,Henrik,Turnell,vghvv9VKY0,hturnell7e@tiny.cc,Male,225.128.234.167
268,682-45-1345,Wikizz,Bradley,Carlsen,3VdtMtiZ1e,bcarlsen7f@reverbnation.com,Male,119.177.179.62
269,581-67-1712,Zoonoodle,Lemmy,Myles,WmKMUtGQsYj,lmyles7g@imgur.com,Male,92.123.57.218
270,335-08-6444,Twitterworks,Tait,Jervis,dIfsPHxVm,tjervis7h@360.cn,Male,215.222.241.174
271,237-36-8635,Jayo,Dean,Fairholme,EjQm2Tmdg,dfairholme7i@google.com.au,Male,201.42.221.210
272,747-76-9237,Jamia,Kaylee,Creak,R1t0aBph,kcreak7j@statcounter.com,Female,9.18.56.8
273,506-80-9816,Flipstorm,Patrizius,Moraleda,FXhoRh2tDh,pmoraleda7k@army.mil,Male,190.183.170.223
274,411-89-7398,Jabberbean,Redd,Parlett,LzWQfGQ9Gz,rparlett7l@census.gov,Male,39.127.63.14
275,672-13-6568,Yodoo,Valry,Jeffrey,Ng88BBdkeM6,vjeffrey7m@sbwire.com,Female,81.155.23.238
276,310-76-7551,Dazzlesphere,Malva,Ternouth,XsviS0vl,mternouth7n@army.mil,Female,248.191.55.13
277,321-03-3495,Zoomcast,Marjorie,Tickle,EZdtlY,mtickle7o@geocities.jp,Female,205.80.75.247
278,256-69-0493,Photobug,Maryann,Saphin,ijK1LVJzkcQ,msaphin7p@github.com,Female,47.99.238.78
279,389-01-4234,Bubblebox,Kellsie,Dunabie,gm4Rcjj1JfQq,kdunabie7q@cbslocal.com,Female,12.86.118.18
280,491-63-1487,Zooxo,Holli,Tiesman,0m04wyLp26r,htiesman7r@fastcompany.com,Female,187.70.67.47
281,756-48-8299,Dabfeed,Richardo,Tyt,R7jPmS0Z,rtyt7s@google.de,Male,6.208.191.55
282,203-52-1028,Innotype,Tito,Wipfler,l9AGKtgvpY0,twipfler7t@usda.gov,Male,239.149.172.184
283,117-18-4347,Latz,Reider,Bensley,REG6VnYmA,rbensley7u@linkedin.com,Male,141.164.218.208
284,273-02-3752,Youopia,Torr,McKenna,0aud9CpNCYIy,tmckenna7v@godaddy.com,Male,116.40.84.204
285,123-41-9685,Photojam,Alexandros,Lasham,tuAlfkyuorI,alasham7w@tmall.com,Male,137.154.88.137
286,699-61-4527,Twinder,Bank,Mulrenan,qQ2q9Avcg,bmulrenan7x@newsvine.com,Male,212.205.106.151
287,283-61-8355,Tagpad,Arnuad,Scotcher,9BEYqPVcL3b,ascotcher7y@alibaba.com,Male,29.236.242.198
288,887-50-0873,Centizu,Kelcey,Tolhurst,pfJt12NrtgOQ,ktolhurst7z@timesonline.co.uk,Female,95.65.34.158
289,851-11-1300,Fiveclub,Abby,Pead,CM0UMDh,apead80@blogs.com,Female,66.154.163.206
290,313-84-9352,Rhynoodle,Caryn,Loos,EVYic0NfD,cloos81@cnet.com,Female,227.32.254.71
291,543-09-1103,Babbleset,Carina,Satterfitt,GzXf5M,csatterfitt82@dmoz.org,Female,125.101.138.162
292,296-79-3550,Devbug,Kile,Sedgebeer,D1d8f2i,ksedgebeer83@amazonaws.com,Male,7.164.208.184
293,898-78-7635,Yozio,Audra,Le Brom,Q93F0tvEKi,alebrom84@vkontakte.ru,Female,135.67.69.55
294,333-89-2378,Yata,Anastasia,Egarr,wsJRCNSid,aegarr85@oakley.com,Female,134.5.30.0
295,227-98-0714,Thoughtsphere,Reynard,Killingbeck,sDbPnez,rkillingbeck86@sun.com,Male,67.86.75.243
296,147-33-4109,Twitterbeat,Lotti,Beaver,6whi7GLWrvML,lbeaver87@who.int,Female,12.138.32.127
297,578-60-5890,Photobug,Mattias,Morriss,Qr7aBJkvMlIy,mmorriss88@europa.eu,Male,3.115.141.58
298,856-66-0536,Zoomlounge,Gill,Larking,R8Cnkbbyxcp,glarking89@google.com,Male,79.45.9.215
299,668-92-1431,Skilith,Bernardine,Gonet,OYYEbcf,bgonet8a@yellowpages.com,Female,27.90.238.167
300,605-19-6762,Zoombox,Kate,Latek,EQ2ITmd5UD0,klatek8b@acquirethisname.com,Female,72.81.9.201
301,279-78-8812,LiveZ,Rhona,Blissett,4ij2cfw9,rblissett8c@timesonline.co.uk,Female,148.118.142.225
302,700-96-2258,Browsebug,Sharia,Stetlye,5cNoDBkRqpT,sstetlye8d@addthis.com,Female,15.4.9.255
303,859-35-1525,Buzzster,Cami,Verson,rn5ZVzVLe,cverson8e@omniture.com,Female,155.94.203.38
304,348-74-5344,Quire,Eveline,Rosenshine,7lAW0Eqw,erosenshine8f@dailymail.co.uk,Female,92.56.85.123
305,720-98-9580,Mita,Kelly,Jagson,xEfej9rXO,kjagson8g@tamu.edu,Male,170.85.168.95
306,800-17-9013,Ailane,Thayne,Likly,PbiQ2XFCk,tlikly8h@hibu.com,Male,113.103.164.208
307,532-85-2610,Eare,Michal,Seivertsen,4nB0thV,mseivertsen8i@symantec.com,Male,151.61.156.50
308,551-62-9901,Rhynoodle,Misti,Ritter,CjffHBAQheF,mritter8j@blogtalkradio.com,Female,96.147.193.128
309,500-41-4852,Skiba,Tori,Holleworth,QeoPqHEIhzE,tholleworth8k@virginia.edu,Female,179.140.109.4
310,697-48-3676,Avavee,Ronnica,Denney,q5kYlWx9Y91,rdenney8l@youtu.be,Female,119.79.82.183
311,416-37-4153,Brightbean,Vernice,Humfrey,0oMPYC2,vhumfrey8m@ameblo.jp,Female,197.45.252.212
312,805-70-5392,Brainverse,Quinta,Studdard,bCYKgdmW8LDE,qstuddard8n@msn.com,Female,155.94.51.246
313,201-85-1275,Tagchat,Erskine,Domanski,eZ52DrfXH,edomanski8o@google.com.au,Male,185.203.148.193
314,448-73-9961,Babbleblab,Kippy,Brockhouse,o9zFwx7Yb8Q,kbrockhouse8p@myspace.com,Female,186.233.89.216
315,218-78-9646,Yakidoo,Bab,Normanvill,K542shtC,bnormanvill8q@businessinsider.com,Female,26.82.247.216
316,831-36-4806,Devbug,Berni,MacDowal,3EBXQpEpq,bmacdowal8r@prweb.com,Female,239.102.25.25
317,748-67-0980,Riffpath,Marje,Dumke,tgHhbsFJ,mdumke8s@nbcnews.com,Female,25.187.142.84
318,758-26-5342,Brainsphere,Mickie,Strain,zVgphBVXDxe,mstrain8t@ed.gov,Male,44.232.36.69
319,890-61-2084,Jatri,Teriann,Ewart,KnMv8wdBYTj7,tewart8u@elpais.com,Female,201.97.228.198
320,891-46-6531,Yodel,Constanta,Jury,7dtBhjmf,cjury8v@ning.com,Female,19.3.181.123
321,521-66-4443,Skiba,Skyler,Gepson,h4HMYDhiU,sgepson8w@state.gov,Male,30.158.127.180
322,615-90-8346,Aimbu,Filbert,Knutton,FYHybI26ZnBj,fknutton8x@omniture.com,Male,7.126.92.25
323,366-56-9428,Quire,Caesar,Westpfel,zx6A1SZ,cwestpfel8y@dion.ne.jp,Male,210.4.173.14
324,796-41-7039,Meevee,Jonell,Fremantle,ksVlQjho,jfremantle8z@theatlantic.com,Female,218.176.16.158
325,191-27-5981,Feedmix,Reyna,Idiens,AJJmkJ,ridiens90@ustream.tv,Female,197.90.30.215
326,662-94-2187,Skibox,Norah,Jex,cnWLBVNl8ILe,njex91@ebay.co.uk,Female,148.198.5.236
327,327-14-6343,Realbridge,Richmond,Syddall,mbysWmNT1O,rsyddall92@meetup.com,Male,139.27.116.51
328,832-37-0343,Ntags,Moises,Skeldon,x8FefOB8,mskeldon93@joomla.org,Male,0.60.40.11
329,452-59-1703,Brainlounge,Mollie,Hillum,N2iS7hQ,mhillum94@ning.com,Female,33.24.114.25
330,776-10-4286,Flipbug,Elroy,Putton,rcTI9HQUI5,eputton95@google.com,Male,197.241.134.236
331,805-33-8298,Oodoo,Ethelbert,Scorthorne,2DGuaXSxSZ,escorthorne96@mapy.cz,Male,79.199.28.218
332,560-95-4196,Skyba,Normie,Critchlow,TKLYCYiaz,ncritchlow97@webmd.com,Male,176.218.221.167
333,690-86-2194,Jabbersphere,Leonid,Cuttings,zAUXMI,lcuttings98@wired.com,Male,157.244.27.78
334,750-90-3150,Edgepulse,Leena,Di Pietro,oZ5cHTIm37mq,ldipietro99@example.com,Female,1.244.227.158
335,668-38-5280,Photobug,Melany,Castel,LzPvsqL,mcastel9a@imageshack.us,Female,235.154.75.187
336,784-91-8232,Ntag,Camellia,Fishleigh,yS2D8Bn,cfishleigh9b@youtu.be,Female,33.207.43.221
337,206-63-9543,Buzzbean,Gerhardt,Nelane,3fotOf3Oy1Kd,gnelane9c@timesonline.co.uk,Male,59.242.128.15
338,659-23-1992,Centizu,Devan,Golding,PD3FMAE8zk,dgolding9d@blogger.com,Female,106.124.215.118
339,880-48-4031,Livepath,Rafa,Brockest,9Q0Y9L,rbrockest9e@unicef.org,Female,97.79.14.231
340,664-50-2331,Trilia,Winni,Hewson,sRyNpbRJwCb,whewson9f@devhub.com,Female,188.40.128.1
341,736-15-4490,Topicware,Linea,Daish,9PMnKl2MZBc,ldaish9g@blogtalkradio.com,Female,134.251.231.179
342,837-60-0014,Browseblab,Margo,Grayshan,Jldmj9McI,mgrayshan9h@yandex.ru,Female,160.113.247.208
343,485-81-6178,Twimm,Izak,Woolsey,6RqJgPN0,iwoolsey9i@reverbnation.com,Male,73.15.194.145
344,729-85-4968,Topiczoom,Arlinda,Lazar,oqK4bJiZp4Tr,alazar9j@usda.gov,Female,145.186.59.138
345,513-11-7337,Thoughtworks,Orlando,Tupling,zuV3ef8a,otupling9k@nytimes.com,Male,8.136.99.73
346,670-27-0588,Centidel,Filmore,Djurisic,qmfz6LcXiONl,fdjurisic9l@phoca.cz,Male,226.46.48.29
347,162-87-4079,Lajo,Tera,Beardsworth,Y91XqCGhMmUp,tbeardsworth9m@sun.com,Female,88.172.210.178
348,110-96-2296,Mudo,Leonard,Allebone,eXcLOMsB,lallebone9n@cafepress.com,Male,140.7.120.242
349,256-49-5616,Eimbee,Ramsay,Gerner,j52EvtA,rgerner9o@mozilla.com,Male,45.254.125.190
350,601-14-2267,Ailane,Cece,Viger,dfZ15tZmEn04,cviger9p@icq.com,Male,205.153.226.167
351,815-92-6062,Yamia,Ceil,Doles,qjhrB0,cdoles9q@amazon.com,Female,128.250.230.169
352,296-04-7167,Livetube,Clementine,Casone,6fVTt2W,ccasone9r@go.com,Female,92.21.223.184
353,382-94-1362,Skalith,Gram,Acton,MyoEZSFIL,gacton9s@cdbaby.com,Male,81.169.227.133
354,674-28-1246,Ntag,Michaelina,Humbey,cBnpKk9ZF6SB,mhumbey9t@nytimes.com,Female,206.52.84.91
355,200-06-7405,Plambee,Frazier,Flescher,kwCxZwez,fflescher9u@wordpress.com,Male,168.43.77.164
356,223-67-2502,Divanoodle,Ulrich,Fruchter,ulzpvkJMv,ufruchter9v@barnesandnoble.com,Male,253.241.49.35
357,212-73-5869,Photospace,Benjamen,McGlew,0FmLmpKqe,bmcglew9w@washingtonpost.com,Male,181.216.245.245
358,558-59-9870,Quamba,Gabey,Ferraraccio,U1epBWusXhPI,gferraraccio9x@desdev.cn,Female,98.59.89.31
359,717-04-1430,Eare,Lyon,Izard,y1Ti8Rwp,lizard9y@reference.com,Male,187.222.147.3
360,420-81-7931,Fadeo,Gerrie,Walters,4sUmNw7,gwalters9z@tripadvisor.com,Male,45.172.60.17
361,380-66-8601,Myworks,Leontyne,Parken,ATTxtX01zV6p,lparkena0@who.int,Female,247.87.189.63
362,255-34-2108,Skimia,Izak,Faulds,mwtAFgT2Jsk,ifauldsa1@flavors.me,Male,39.94.4.189
363,293-10-1270,Babbleopia,Rayna,Breakspear,whzVn9aPsz,rbreakspeara2@yandex.ru,Female,126.63.132.125
364,316-87-3750,Jaxnation,Austin,Janczak,E7m2GFBi,ajanczaka3@hexun.com,Female,50.95.17.116
365,707-53-5362,Oyoloo,Othilie,Chaters,NH2MYSru4vU,ochatersa4@over-blog.com,Female,15.65.29.103
366,632-30-0285,Youspan,Jasen,Hiom,9bpqAh704H6B,jhioma5@is.gd,Male,168.20.124.248
367,859-81-6525,Twimm,Farrah,Copperwaite,blFcXpMh,fcopperwaitea6@phpbb.com,Female,119.84.94.153
368,256-08-4436,Brainsphere,Dominic,Krauss,DiaiQDxNWg,dkraussa7@infoseek.co.jp,Male,143.118.231.223
369,302-10-2997,Avavee,Trenton,Hailes,Dp8vTDD3q,thailesa8@china.com.cn,Male,103.186.112.144
370,669-22-2644,Oodoo,Bondy,Eloy,qz5fDM,beloya9@jalbum.net,Male,115.251.157.195
371,152-02-2279,Eayo,Max,Cicchitello,72XzV2L,mcicchitelloaa@harvard.edu,Female,146.102.249.32
372,440-64-8242,Thoughtworks,Krystle,Pellatt,zYsgh9HUaY,kpellattab@youtube.com,Female,46.32.151.124
373,665-42-2066,Oozz,Idaline,Redborn,9KWRAoMY,iredbornac@zimbio.com,Female,94.94.121.137
374,729-39-7443,Rooxo,Sallie,Dugall,S2xYPcLCSYcK,sdugallad@ftc.gov,Female,152.25.170.22
375,740-88-6870,Livetube,Nonna,Fiske,qGbXrqkf8,nfiskeae@addthis.com,Female,183.119.46.139
376,612-15-1551,Brainsphere,Tildi,Peterkin,SfJjsiWWgjed,tpeterkinaf@hubpages.com,Female,237.164.136.229
377,432-74-0322,Voomm,Tommy,Courtes,vcK5pX,tcourtesag@blinklist.com,Female,250.163.156.156
378,621-83-6663,Izio,Emlen,Fanning,LsKw0B9u3qrZ,efanningah@prweb.com,Male,253.18.54.206
379,455-46-3541,Oyoloo,Man,Darch,wx8Smk,mdarchai@istockphoto.com,Male,48.7.140.165
380,188-85-2357,Riffwire,Hillard,Antonchik,kUd7tqWqQh,hantonchikaj@hhs.gov,Male,73.228.21.90
381,683-65-8350,Skyba,Llewellyn,Austin,XeyOFHhR6tV,laustinak@homestead.com,Male,124.174.183.98
382,547-17-4226,Thoughtbridge,Olive,Crain,hvpHWDJ,ocrainal@usda.gov,Female,120.235.220.149
383,524-70-3715,Yombu,Waldon,MacConnell,M2VlQf6,wmacconnellam@sciencedaily.com,Male,151.214.192.141
384,537-25-2589,Tanoodle,Rafaelita,Iacoviello,hLofJa8uyTv,riacovielloan@prlog.org,Female,216.231.210.76
385,225-05-9066,Avamm,Nye,Devin,cvk1zfQ,ndevinao@feedburner.com,Male,135.166.160.129
386,405-77-7757,Quimm,Rurik,Everil,P9dxfm,reverilap@salon.com,Male,152.71.39.206
387,173-23-4794,Flipstorm,Nero,McKelloch,1OgLuqZX,nmckellochaq@nyu.edu,Male,14.196.179.38
388,320-80-0839,Youtags,Betsey,MacGeffen,6ek7EN1hAjwL,bmacgeffenar@dailymotion.com,Female,186.118.34.138
389,156-84-3256,Geba,Fredra,Barlow,eVO4Ss2Gh11,fbarlowas@quantcast.com,Female,169.242.14.155
390,665-25-7184,Wordware,Gregor,Wadly,0IFpIv,gwadlyat@aol.com,Male,171.121.108.10
391,112-63-9859,Browsebug,Eloisa,Spellesy,Oc3gnsyg,espellesyau@elpais.com,Female,158.65.185.33
392,121-91-6131,Trudeo,Willette,Cant,QQkrWLyFsxyX,wcantav@gizmodo.com,Female,143.20.6.71
393,164-91-8978,Divanoodle,Ripley,Simukov,132eP0,rsimukovaw@dot.gov,Male,159.12.249.38
394,149-67-1422,Meembee,Baxie,Durran,ZExrWqncUKEP,bdurranax@ibm.com,Male,92.141.8.101
395,447-42-2131,Realbridge,Nita,Brolechan,bo9o7Sr,nbrolechanay@home.pl,Female,18.20.208.49
396,261-77-4905,Shuffletag,Chris,Knill,m3aqNu,cknillaz@globo.com,Male,100.187.81.10
397,753-60-5039,Zoonoodle,Piggy,Kenchington,yuP5zJ,pkenchingtonb0@nbcnews.com,Male,212.107.68.162
398,810-18-3288,Fadeo,Rosalynd,Ovitz,ExrSl0U0JY,rovitzb1@geocities.com,Female,208.135.118.30
399,566-04-2803,Tagtune,Emyle,Lovering,1WFAMEZry,eloveringb2@csmonitor.com,Female,23.129.180.238
400,833-72-3302,Flashspan,Ellie,Woolaston,yZ527GCkN,ewoolastonb3@ebay.co.uk,Female,169.138.206.150
401,131-65-4865,Yoveo,Delmer,Garrard,B5Q73MSmwK2,dgarrardb4@forbes.com,Male,208.129.90.85
402,495-39-4622,Aibox,Ingmar,Float,V8Pl4UI3o,ifloatb5@people.com.cn,Male,170.69.245.147
403,298-23-3989,Buzzster,Nani,Delouch,eMgFkD,ndelouchb6@msn.com,Female,72.24.254.155
404,577-94-9079,Devpulse,Conrad,Spinige,girZ0MG,cspinigeb7@techcrunch.com,Male,112.49.15.172
405,766-55-3630,Yodo,Catlaina,Parncutt,rUT388W,cparncuttb8@oaic.gov.au,Female,253.141.153.176
406,153-89-7091,Brainverse,Rebe,Magor,flDjNfhku,rmagorb9@mozilla.org,Female,138.176.235.158
407,248-94-3531,JumpXS,Sheri,Astley,Pu0oRg1,sastleyba@edublogs.org,Female,108.116.88.86
408,483-30-3348,Flashset,Annora,Satterthwaite,ojGawiLvqew,asatterthwaitebb@dailymail.co.uk,Female,196.61.147.84
409,494-45-5534,Kanoodle,Carmita,Sentinella,vVPCOFS9dd,csentinellabc@princeton.edu,Female,2.133.18.12
410,224-16-9532,Babbleset,Cristiano,Sherington,r4S5cOO,csheringtonbd@reference.com,Male,22.146.226.196
411,864-43-4962,Avamba,Jozef,Singleton,pu5wtg,jsingletonbe@google.es,Male,40.124.77.139
412,392-16-5875,Mycat,Paxon,Ingleson,NCaCEHJURmU,pinglesonbf@cisco.com,Male,25.156.151.225
413,251-97-5831,Jetpulse,Alexei,Strathe,6WmRhMZ,astrathebg@bigcartel.com,Male,7.45.99.190
414,491-82-6969,Feedspan,Idette,Leask,m4TOslH9,ileaskbh@fastcompany.com,Female,235.17.155.199
415,828-98-8990,Trilia,Kurt,Scholling,AjDXD35ea3,kschollingbi@facebook.com,Male,104.48.163.99
416,643-88-3663,Devify,Lethia,Spary,e9z2bugLa5,lsparybj@guardian.co.uk,Female,111.184.204.124
417,236-72-1548,Riffwire,Gaelan,Trett,l9ZPDI,gtrettbk@1und1.de,Male,71.1.63.60
418,787-53-9604,Kimia,Ferrell,Arnolds,bR0xylGQ,farnoldsbl@1688.com,Male,32.221.212.219
419,346-55-4175,Skimia,Farley,Prevost,wP3PKBCEH9G,fprevostbm@msn.com,Male,144.222.229.146
420,865-55-4512,Rooxo,Jae,Pheasant,gzSHyWIqBNe,jpheasantbn@wired.com,Male,1.207.170.111
421,466-44-3291,Flashspan,Valentine,Swallwell,VUfloziiC,vswallwellbo@tripadvisor.com,Female,63.52.24.166
422,237-76-1086,Mymm,Ulysses,Grint,F9CmDT3AGl,ugrintbp@merriam-webster.com,Male,132.108.209.199
423,307-43-3421,Leenti,Bibi,Malim,LG1K8s3,bmalimbq@deliciousdays.com,Female,189.222.238.209
424,687-59-6398,Skimia,Codi,Gobel,CfyGQT,cgobelbr@hp.com,Male,173.184.52.40
425,456-54-8708,Wordpedia,Bathsheba,Kerins,T5kKWP,bkerinsbs@wufoo.com,Female,93.76.12.116
426,642-48-8402,Skyble,Bethina,Kluss,Fym94cAs,bklussbt@theguardian.com,Female,228.162.130.242
427,333-06-2276,Mita,Joice,McGill,pAndnQOmS,jmcgillbu@privacy.gov.au,Female,50.176.20.166
428,810-90-3986,Youspan,Tadio,MacAdam,zclsrg,tmacadambv@godaddy.com,Male,45.30.132.225
429,516-19-2305,Yadel,Andreas,Pitchers,vJTEV6WaBM4,apitchersbw@cnn.com,Male,73.191.88.189
430,166-88-1753,Feednation,Amberly,Guilloud,jCUNMxKKUFN,aguilloudbx@sciencedaily.com,Female,239.82.196.114
431,159-42-4745,Oodoo,Ede,Nafzger,UPAoAZ,enafzgerby@myspace.com,Female,9.20.111.224
432,766-47-7666,Topicshots,Lavinia,Hubberstey,P7tnNJ,lhubbersteybz@dion.ne.jp,Female,95.58.89.188
433,704-94-8405,Yadel,Cassy,Guymer,jIXPzt,cguymerc0@soup.io,Female,105.14.1.32
434,170-48-6549,Lajo,Ethan,Black,eTyo2Toq,eblackc1@scientificamerican.com,Male,4.13.234.85
435,119-17-4289,Jabberbean,Quinlan,Kluss,0m9EvPuOUdR,qklussc2@buzzfeed.com,Male,42.247.42.172
436,734-96-3777,Youtags,Jaine,Swale,4lfZq1yFbCV,jswalec3@yelp.com,Female,118.68.191.52
437,888-59-3588,Geba,Fulvia,Matlock,skIk9FsxIsvp,fmatlockc4@freewebs.com,Female,74.129.138.233
438,279-35-3867,Wikibox,Allegra,MacTrustrie,Gf3gZxxfAdAT,amactrustriec5@independent.co.uk,Female,126.167.238.104
439,321-43-1089,Twitterwire,Grange,Grieswood,9TKZ7n1paq8,ggrieswoodc6@acquirethisname.com,Male,10.62.98.243
440,199-25-9157,Realmix,Mandel,Donnachie,XC8ZZJfQpX7a,mdonnachiec7@virginia.edu,Male,51.28.80.81
441,842-24-1984,Jabbercube,Shirline,Lilburne,o0mqzRn,slilburnec8@cornell.edu,Female,5.230.248.191
442,456-97-2405,Jazzy,Addy,Bercher,f2gW3hPdlJ08,abercherc9@google.co.uk,Male,217.129.3.211
443,507-31-4298,Zooxo,Carita,Havile,p67wRqvNPaS,chavileca@hud.gov,Female,12.3.94.179
444,417-20-6705,Ailane,Frankie,Kingzeth,Qrja0nNES,fkingzethcb@ucla.edu,Female,202.227.104.137
445,564-20-9693,Browseblab,Jourdan,Barrell,CPR0xlM,jbarrellcc@geocities.jp,Female,112.250.161.126
446,375-17-4444,Fanoodle,Kellen,Kettow,nqprrXF,kkettowcd@hatena.ne.jp,Female,192.132.142.15
447,875-73-9436,Yombu,Noland,Byfield,ZX7r4zZ,nbyfieldce@yale.edu,Male,193.239.117.234
448,422-98-3458,Tagcat,Daffy,Hall-Gough,3KwGC4I6,dhallgoughcf@liveinternet.ru,Female,51.158.88.234
449,685-85-6261,Rhyzio,Aron,Albers,DmTCUi7i,aalberscg@cbsnews.com,Male,179.205.0.196
450,339-88-4327,Twitterbridge,Torrance,Sailor,VG0YiBbP0s,tsailorch@craigslist.org,Male,184.134.158.216
451,883-61-8667,Bubblebox,Wilow,Growy,n12EIXFdqp,wgrowyci@narod.ru,Female,84.229.131.100
452,203-91-6617,Eidel,Sancho,Dickinson,vVe9qIf,sdickinsoncj@apple.com,Male,102.181.122.208
453,608-41-4557,Voolith,Eziechiele,Noton,yIaRTw1JSsT,enotonck@bigcartel.com,Male,138.200.224.112
454,337-21-4569,Oyope,Lesley,Barbey,zjO9LBSpo,lbarbeycl@msu.edu,Male,95.125.93.198
455,614-92-8115,Youspan,Etan,Cardillo,fcy5t4ev,ecardillocm@barnesandnoble.com,Male,126.191.108.183
456,757-59-2560,Podcat,Dniren,Flavelle,cYn1xI,dflavellecn@acquirethisname.com,Female,244.46.189.232
457,342-50-7975,Camimbo,Farly,Bates,PzxGr4Sz,fbatesco@admin.ch,Male,187.213.198.236
458,501-80-2780,Gabtype,Yetty,Reisenstein,PBSPdiFo1,yreisensteincp@meetup.com,Female,253.162.179.213
459,618-47-1671,Skipfire,Genevra,Wrighton,9B32o18K,gwrightoncq@hugedomains.com,Female,161.108.108.241
460,693-62-2622,Dynava,Cassey,Broadfield,Aucz354cxpO,cbroadfieldcr@ovh.net,Female,142.21.9.110
461,495-56-1987,Eayo,Jayne,Polet,NuFbG6p,jpoletcs@netvibes.com,Female,23.117.91.77
462,212-39-1106,Roomm,Kelwin,Stapleford,iHA9RujV55G,kstaplefordct@cyberchimps.com,Male,19.239.171.91
463,671-53-3031,Yotz,Thibaud,Goodbairn,XD1uvD2,tgoodbairncu@myspace.com,Male,159.67.131.87
464,263-27-4400,Skipstorm,Holly-anne,Ouldred,xf630yq8Rmh,houldredcv@1und1.de,Female,50.179.212.224
465,404-01-5837,Yadel,Johnnie,Bassick,jTPAUBW7Ym7a,jbassickcw@hhs.gov,Male,160.233.60.134
466,451-78-5072,Izio,Olav,Gerckens,0U5X9WKuE,ogerckenscx@ca.gov,Male,164.112.18.224
467,237-30-1248,Yacero,Rawley,Ygoe,ORgVU0ttCE,rygoecy@epa.gov,Male,145.140.101.190
468,877-49-0955,Npath,Ericka,De Matteis,EQxBRUnhlBQ,edematteiscz@1und1.de,Female,220.240.144.87
469,161-02-8894,Browsezoom,Georgeta,Bruineman,75aeEf0Ip,gbruinemand0@wikipedia.org,Female,190.245.94.45
470,468-29-3834,Vitz,Eduard,Morten,URoP4KlgsV,emortend1@mayoclinic.com,Male,239.186.153.215
471,319-73-9540,Kayveo,Luelle,Pactat,l4rJqKEAl8aY,lpactatd2@bandcamp.com,Female,240.141.126.34
472,404-41-1566,Realmix,Charlotta,Skelding,jYSN6Kk,cskeldingd3@craigslist.org,Female,122.240.72.189
473,241-56-3558,Thoughtstorm,Brandais,Edgar,mUAdAt,bedgard4@cargocollective.com,Female,110.198.255.123
474,629-66-2869,Camimbo,Hayes,Gantzer,J2VYOpP,hgantzerd5@examiner.com,Male,63.195.167.37
475,588-82-0229,Feedmix,Korella,Levitt,VNc9kjhV1,klevittd6@about.me,Female,205.16.162.6
476,262-55-0441,Lajo,Clim,Balog,2VlenV0eWBN,cbalogd7@1688.com,Male,105.139.103.182
477,508-78-0885,Vinder,Fabian,Garoghan,ELuJ4qX,fgaroghand8@arizona.edu,Male,218.7.178.134
478,618-27-9882,Jetwire,Marget,Dunkerton,4tiqrgLch7,mdunkertond9@webeden.co.uk,Female,180.226.123.251
479,886-13-3486,Skyba,Betta,Winstone,QX9Q52gpt,bwinstoneda@clickbank.net,Female,171.75.21.143
480,567-58-1776,Cogilith,Jada,Roalfe,u0So2pAB4Q,jroalfedb@about.com,Female,214.2.124.202
481,788-10-7506,Gabtype,Marcille,Billings,2JHlgMrtDLKO,mbillingsdc@craigslist.org,Female,200.94.170.5
482,824-35-7189,Janyx,Ashleigh,Mitchenson,AzALlaPlU,amitchensondd@arizona.edu,Female,119.45.118.17
483,786-64-1319,Jetwire,Onida,Simone,GrUmJQy,osimonede@google.cn,Female,39.169.250.22
484,699-49-4949,Brainbox,Olivette,Buessen,JyUqicxMW,obuessendf@nhs.uk,Female,26.145.240.140
485,623-44-0683,Thoughtblab,Udale,Allibon,6cceAV2c9qZ,uallibondg@berkeley.edu,Male,244.73.205.135
486,821-48-1941,Brainbox,Urban,Wardel,v5atdGJZg,uwardeldh@nasa.gov,Male,9.89.145.223
487,115-39-6898,Dabvine,Dennis,Allred,pzKo6hN9,dallreddi@patch.com,Male,47.78.19.255
488,776-99-0819,Realcube,Joey,Farncombe,6t5dMRxLiTUo,jfarncombedj@skype.com,Female,177.179.22.189
489,285-45-1314,Wikizz,Fancie,Duckit,PnphE3AWdR,fduckitdk@hhs.gov,Female,35.121.233.73
490,486-55-4926,Yakidoo,Constantino,Fulger,nufbdgVLi,cfulgerdl@marriott.com,Male,176.117.187.108
491,193-36-8110,Innojam,Shurwood,Gregh,ebzEtAB,sgreghdm@time.com,Male,7.177.6.171
492,480-62-1711,Bubblemix,Malcolm,Shovell,9CeyRTF91b,mshovelldn@examiner.com,Male,36.53.43.69
493,187-77-9389,Muxo,Fredelia,Marchiso,D0A4nst,fmarchisodo@zimbio.com,Female,136.107.3.243
494,459-41-3330,Yambee,Dorey,Knocker,DbsfN95RMKX,dknockerdp@engadget.com,Male,16.1.153.200
495,406-95-6415,Yakijo,Toiboid,Corderoy,ciA2b0bYmg,tcorderoydq@europa.eu,Male,215.6.130.202
496,510-92-5613,Fliptune,Farlie,Bolland,41KVCPQq,fbollanddr@typepad.com,Male,171.66.174.114
497,368-06-1903,Skinix,Tam,Kennaird,Rb8yeDBzoVIe,tkennairdds@epa.gov,Male,238.32.4.181
498,322-38-1503,Twimbo,Gaile,Marconi,blIOwbo,gmarconidt@rakuten.co.jp,Male,138.213.246.229
499,715-59-5834,Digitube,Nanon,Jados,WX82DYj6,njadosdu@xrea.com,Female,136.160.28.74
500,794-11-0724,Twinte,Sheila,Day,FiS44Jo2yg,sdaydv@vimeo.com,Female,80.218.235.39
501,427-67-6137,Tagtune,Stefanie,Bunn,0r6JIHLuUT0,sbunndw@bravesites.com,Female,241.170.206.209
502,794-07-9483,Zoovu,Freedman,Spoole,k0FCdX6EF,fspooledx@mayoclinic.com,Male,97.102.29.224
503,824-81-0464,Quinu,Harmonia,Savins,LDNzGy28R,hsavinsdy@arizona.edu,Female,186.207.21.206
504,621-75-7863,Kazu,Zedekiah,Culy,FtBEECf,zculydz@phoca.cz,Male,249.16.75.79
505,282-02-7079,Skalith,Jerri,Massingberd,e3bLNWjo2R1M,jmassingberde0@desdev.cn,Male,144.53.65.38
506,169-87-1566,Skipstorm,Nowell,Fackrell,GVlckOXk,nfackrelle1@nsw.gov.au,Male,144.223.82.99
507,809-19-6528,Dabshots,Alysa,Panichelli,njiUOcWPu,apanichellie2@squidoo.com,Female,250.23.195.177
508,678-73-7843,Babblestorm,Aylmer,Kneath,rZJSaQ51T,akneathe3@nyu.edu,Male,133.214.255.130
509,491-86-4961,Yodo,Bondie,Mesnard,p66RPLR,bmesnarde4@liveinternet.ru,Male,208.248.223.39
510,215-15-3002,Gigazoom,Bertram,Saggs,OsZoev,bsaggse5@purevolume.com,Male,21.59.235.8
511,319-36-7341,Bubblebox,Khalil,Gasgarth,J1eINwt,kgasgarthe6@nydailynews.com,Male,25.112.72.70
512,862-07-0921,Divape,Minerva,Eggleson,UqoHdHYtfDzt,megglesone7@ebay.co.uk,Female,27.213.229.130
513,545-96-5893,Pixonyx,Jorge,Chupin,hiISPBQ,jchupine8@networkadvertising.org,Male,203.21.247.45
514,358-89-7716,Skipstorm,Dael,O'Carney,67aNS9qFHYH9,docarneye9@narod.ru,Female,155.28.209.187
515,825-30-9854,Realpoint,Wyatt,Lydall,msGCj4HE37,wlydallea@netvibes.com,Male,219.163.97.35
516,249-23-7670,Quaxo,Ketty,Spaduzza,xktJoGO1bca9,kspaduzzaeb@ebay.com,Female,240.126.25.84
517,578-88-1016,Dabtype,Jeni,Creeber,dg8MJ4r,jcreeberec@economist.com,Female,29.157.108.68
518,723-87-1139,Trunyx,Merrick,Brockelsby,Xxb15aQJc,mbrockelsbyed@army.mil,Male,51.160.154.115
519,151-11-5731,Mudo,Izabel,Steel,A3etXueA7g9,isteelee@princeton.edu,Female,119.194.15.10
520,128-31-1345,Dabfeed,Mimi,Amerighi,xi9Habfn,mamerighief@amazon.de,Female,29.127.232.6
521,210-70-3381,Youbridge,Anett,Casacchia,4TbHD1u,acasacchiaeg@java.com,Female,254.33.101.0
522,358-37-3800,Fliptune,Charmaine,Jurek,hB7V5SQilQQG,cjurekeh@istockphoto.com,Female,240.37.230.24
523,331-33-0612,Oodoo,Barny,Leet,Wst9Qtyjkqh3,bleetei@nymag.com,Male,208.118.9.26
524,126-71-6865,Eabox,Fairlie,Wasmer,Pm8DqKtyh,fwasmerej@ask.com,Male,139.220.56.5
525,572-79-4955,Agivu,Scarlet,Causley,B9Y67gLG4M,scausleyek@independent.co.uk,Female,90.79.245.159
526,828-11-0211,Skimia,Maddie,Redmile,KPEGJl,mredmileel@geocities.jp,Male,168.194.46.96
527,493-47-2269,Wikizz,Jerry,O'Donegan,6ns4LJD1F,jodoneganem@ustream.tv,Female,253.112.37.18
528,811-19-9479,Meetz,Lorene,Quartermaine,LJhQNuR,lquartermaineen@usa.gov,Female,147.173.22.251
529,694-88-7113,Lazz,Jerrie,Aiers,J6RsbSGm1QYn,jaierseo@ovh.net,Female,131.8.181.81
530,204-91-5860,Brainsphere,Malachi,Tunnicliff,R8e3jSHq,mtunnicliffep@cbc.ca,Male,65.160.184.228
531,106-10-9854,Agivu,Sibyl,Freyn,v1r3gnWX,sfreyneq@nasa.gov,Male,229.9.145.164
532,196-86-3959,Gabvine,Yancey,Tribe,iHPGod,ytribeer@ocn.ne.jp,Male,247.203.62.13
533,330-75-9306,Topicstorm,Gilberto,Tomaselli,ZPbmXtq8SkKn,gtomasellies@slideshare.net,Male,49.60.195.9
534,107-04-9211,Devpoint,Constancy,Klicher,TU59kxE,cklicheret@alexa.com,Female,50.227.241.1
535,677-36-4800,Eare,Zorine,Dugget,y6IiHC,zduggeteu@shinystat.com,Female,229.238.27.18
536,434-72-9527,Kwilith,Tish,McDool,CNZRfGsw7B0m,tmcdoolev@aol.com,Female,204.165.124.249
537,682-37-6705,Wikibox,Tami,Vassel,zUiR7kZ,tvasselew@howstuffworks.com,Female,100.125.14.28
538,434-84-4099,Blogpad,Sarajane,Batrip,pG3UvNay,sbatripex@typepad.com,Female,48.186.72.112
539,150-70-3859,Thoughtworks,Suellen,Hark,L4BZmo,sharkey@sakura.ne.jp,Female,119.96.1.153
540,745-87-7853,Roodel,Nani,Atlee,NlchoLGqihZ2,natleeez@vistaprint.com,Female,3.39.12.170
541,773-45-0484,Jabbersphere,Lalo,Viste,sHtfxvqC,lvistef0@photobucket.com,Male,132.197.16.34
542,196-74-6945,Eayo,Suzette,Reiner,fvDubJh9CMRp,sreinerf1@vimeo.com,Female,145.101.211.223
543,313-11-1414,Jabberbean,Lewie,Carrett,DjqvqayYET,lcarrettf2@amazon.co.uk,Male,116.143.131.86
544,489-55-4425,Voonder,Renae,Djurisic,pmZd7LSrVw,rdjurisicf3@google.co.uk,Female,77.1.122.0
545,158-36-1001,Voonder,Zebulon,Linay,Jp4Ss4K,zlinayf4@spiegel.de,Male,244.200.223.172
546,381-26-8264,Podcat,Delano,Fussey,vswh1FM7,dfusseyf5@howstuffworks.com,Male,135.242.100.253
547,126-22-5125,Fivechat,Trixy,Pannett,612xQyYDRkyn,tpannettf6@ftc.gov,Female,87.237.217.218
548,733-18-6151,Bluezoom,Valina,Hartley,QLlm0J25yNw,vhartleyf7@google.com,Female,24.116.104.226
549,230-56-8656,Meevee,Salvidor,Colmore,7i6usv,scolmoref8@cnbc.com,Male,217.241.85.251
550,773-51-6071,Yozio,Kimmi,Arkle,450Kho,karklef9@weebly.com,Female,8.63.34.39
551,466-38-2556,Yakitri,Rafaelia,Tootal,4o6npw,rtootalfa@163.com,Female,58.40.49.191
552,220-17-9246,Zoomlounge,Muire,Erdis,mUEf1BPCBfD,merdisfb@g.co,Female,153.201.69.211
553,542-73-6832,Twinte,Valencia,Sworn,AHLM0T3SKdN,vswornfc@dell.com,Female,251.61.209.1
554,839-20-7950,Zoomlounge,Meryl,Clemonts,On5KXnW5MN,mclemontsfd@kickstarter.com,Male,144.221.71.135
555,320-54-1037,Skipfire,Graig,Tomblings,D0ccWtjd7DUb,gtomblingsfe@discuz.net,Male,80.169.243.174
556,336-02-0196,Tekfly,Leonardo,Paunsford,2qReZX8oT9p4,lpaunsfordff@plala.or.jp,Male,17.190.155.226
557,279-09-9895,Quaxo,Orv,St. Aubyn,HZTUDAnjITwO,ostaubynfg@studiopress.com,Male,127.100.116.67
558,336-03-0990,Bubblebox,Laurianne,McGonigal,3ZRWRqdu0k,lmcgonigalfh@marketwatch.com,Female,101.88.152.183
559,570-21-9808,Ainyx,Giovanni,Anmore,0VzPjHJpjjd,ganmorefi@va.gov,Male,62.38.136.2
560,323-02-6884,Mita,Kip,Christophers,55Od0i,kchristophersfj@mozilla.org,Female,240.174.35.12
561,788-06-2261,Fatz,Malissia,Wigfall,kz9aaAujP,mwigfallfk@devhub.com,Female,171.97.154.160
562,205-08-6854,Centimia,Kasper,Petford,kzC33zv,kpetfordfl@telegraph.co.uk,Male,149.238.28.125
563,141-86-7856,Dabjam,Donnie,Gull,KyMjz8n1x7,dgullfm@pbs.org,Female,85.72.119.63
564,141-10-2836,Jatri,Asa,Yakubovich,xIvyxexDP,ayakubovichfn@hostgator.com,Male,195.13.132.35
565,358-90-4104,Zoovu,Dania,Preston,Igs7YKd6A,dprestonfo@ow.ly,Female,226.201.194.183
566,480-37-1789,Twinte,Swen,Hewson,NQq3OSDvUgc,shewsonfp@arizona.edu,Male,223.10.113.204
567,329-82-5822,Lajo,Leupold,Bomb,1yLKcSqP,lbombfq@scientificamerican.com,Male,5.15.123.167
568,269-20-6496,Topdrive,Shelden,Ambrogetti,4SBg3N,sambrogettifr@furl.net,Male,1.230.11.251
569,196-55-8223,Einti,Ulrick,Rodenburg,SfAlZrTKq3GV,urodenburgfs@cornell.edu,Male,151.92.144.152
570,346-95-1082,Oyoyo,Derrek,Wipper,Zep6YJcw,dwipperft@g.co,Male,40.25.132.131
571,234-94-2963,Bubbletube,Dulcie,Flett,BPuv6onYOXFa,dflettfu@weebly.com,Female,148.12.23.123
572,257-67-6609,Talane,Aimil,Pym,4sjY85dTkxMV,apymfv@ted.com,Female,253.8.65.124
573,272-76-2165,Realfire,Alvera,Bolingbroke,rL7B5pwpUL,abolingbrokefw@cbslocal.com,Female,161.167.30.166
574,367-08-3283,Zooxo,Jobina,Floch,UnZOATC7A,jflochfx@ihg.com,Female,63.146.172.157
575,381-53-3698,Tanoodle,Lezlie,Cawse,4WVvbG7,lcawsefy@vk.com,Female,226.135.37.116
576,597-47-9931,Kanoodle,Nevins,Hartrick,17Dz9mLZoXS2,nhartrickfz@digg.com,Male,48.225.42.13
577,218-70-5788,Abatz,Floris,Ballantyne,iL7BTd,fballantyneg0@forbes.com,Female,8.162.78.239
578,149-30-3520,Eabox,Betta,Bamford,rbhqZMWPMCO,bbamfordg1@cafepress.com,Female,171.74.160.233
579,178-11-6223,Yacero,Maximilianus,Cloughton,jOdkTwyOt,mcloughtong2@dion.ne.jp,Male,184.220.66.228
580,104-63-7018,Twitterlist,Edna,Rankin,QXLg02s,eranking3@google.fr,Female,2.20.76.128
581,392-71-5111,Brainsphere,Tally,Hasell,kAAkG6Lho5v4,thasellg4@weather.com,Male,23.118.221.198
582,448-54-0327,Skipfire,Brett,Roycraft,IZ3CHdbKRA,broycraftg5@imgur.com,Male,94.115.152.115
583,259-60-6143,Devpoint,Winifield,Butterfield,cczHDNHqtwuw,wbutterfieldg6@techcrunch.com,Male,104.6.181.106
584,215-04-8236,Voolia,Frederick,Vanyakin,NXysMXlmQABD,fvanyaking7@sina.com.cn,Male,216.224.83.13
585,834-56-2501,Yakidoo,Gusty,Doppler,yXEEZQt0W,gdopplerg8@woothemes.com,Female,94.206.174.158
586,332-44-3350,Wordware,Zollie,Linge,ndkRwYPFE,zlingeg9@goo.ne.jp,Male,82.254.131.117
587,559-57-7805,Topicware,Humfrid,Palister,qBgNPe1G,hpalisterga@buzzfeed.com,Male,251.104.112.190
588,809-72-5763,Dablist,Thorvald,Tippings,08lCTz2ZK,ttippingsgb@parallels.com,Male,134.149.14.82
589,740-96-9800,Photolist,Grethel,Spratling,HUtfGKhDx,gspratlinggc@mapy.cz,Female,89.53.242.103
590,709-83-0602,Youtags,Halette,Ferguson,zpAXbwLm,hfergusongd@prnewswire.com,Female,118.90.121.255
591,262-99-1031,Devpoint,Horatius,Girtin,grM1zX0,hgirtinge@si.edu,Male,68.7.21.103
592,792-09-2858,Blognation,Florette,Buglar,Q6HdDIaxYj,fbuglargf@slideshare.net,Female,7.222.117.33
593,275-07-2273,Thoughtbridge,Algernon,Carp,48lwhJUezO,acarpgg@1688.com,Male,55.143.247.88
594,483-08-9224,Voonyx,Louisa,Ragborne,UQ2ab1AzLf,lragbornegh@cnn.com,Female,19.146.14.163
595,662-66-7395,Photobean,Kiri,McGaw,crn9tggf9hRZ,kmcgawgi@skyrock.com,Female,96.193.208.27
596,241-23-0073,DabZ,Trever,Shemmans,7V0KEn,tshemmansgj@cbc.ca,Male,74.65.247.252
597,250-86-6246,Geba,Rayna,Bartaloni,3EvcD78x4b0,rbartalonigk@google.com,Female,171.198.111.60
598,364-98-3832,Shuffledrive,Joletta,Sheekey,yJIS5ozQQeR,jsheekeygl@theglobeandmail.com,Female,150.179.251.51
599,613-74-7821,Pixonyx,Alwin,Van Oord,Mms0Xsex,avanoordgm@japanpost.jp,Male,214.76.221.255
600,345-89-0150,Feedfire,Frasco,Sunley,FJyLyNU,fsunleygn@businessweek.com,Male,76.255.222.72
601,662-95-3609,Eimbee,Fulvia,Fance,ESJP8pW,ffancego@bluehost.com,Female,234.121.232.65
602,869-97-7864,Quatz,Land,Fitch,EBSZp3,lfitchgp@google.pl,Male,186.179.110.10
603,134-74-7314,Ntag,Audy,Fridd,vBbnKCYaI,afriddgq@studiopress.com,Female,102.72.73.153
604,761-20-5190,Yakijo,Bennett,Peterkin,LqHAdh71,bpeterkingr@cargocollective.com,Male,42.218.154.71
605,786-29-9327,Zoovu,Jane,Rewcassell,B1At4FW64W,jrewcassellgs@squarespace.com,Female,29.90.9.80
606,823-97-8053,Vimbo,Alick,Boshere,3sBUt7jEvjJ,abosheregt@hostgator.com,Male,133.83.168.226
607,576-22-6050,Realmix,Russ,Cullabine,vPGTKEf,rcullabinegu@washington.edu,Male,132.193.242.27
608,332-08-9448,Linktype,Elvyn,Quillinane,AXYkrp7pHb9p,equillinanegv@ustream.tv,Male,116.111.41.58
609,529-21-9516,Blogpad,Minerva,Ovize,sfhvgA,movizegw@indiatimes.com,Female,165.104.38.121
610,410-37-7822,Dazzlesphere,Sarine,Buscombe,ZooZo5MJCO7q,sbuscombegx@irs.gov,Female,219.50.75.35
611,243-04-9990,Feedfish,Kissie,Hadye,dveKGY1jId8,khadyegy@privacy.gov.au,Female,104.162.176.253
612,104-11-3363,Brainbox,Laverne,Ebbings,dht5nBheL,lebbingsgz@e-recht24.de,Female,145.127.240.249
613,432-60-5921,Riffpath,Solomon,Aikman,xZvbARt7,saikmanh0@nyu.edu,Male,54.121.101.197
614,226-45-9368,Wordify,Georgetta,Odams,rgtPrzbXJ,godamsh1@pbs.org,Female,211.255.180.152
615,758-84-8418,Eadel,Vanna,Lehrle,dKwggf,vlehrleh2@nhs.uk,Female,225.226.8.122
616,388-95-7621,Tagcat,Tess,Welden,a0OIEO,tweldenh3@elegantthemes.com,Female,170.166.253.211
617,275-78-2210,Tagfeed,Hyatt,Giacomuzzi,7HiPGME,hgiacomuzzih4@huffingtonpost.com,Male,46.220.181.160
618,721-32-2076,Realblab,Rianon,Kintish,Huakutaxn,rkintishh5@discuz.net,Female,6.72.169.214
619,137-41-3208,Meezzy,Ambrosio,Feander,EHQis3D,afeanderh6@sbwire.com,Male,232.155.213.105
620,350-01-1674,Vidoo,Odelia,Von Gladbach,kB0Ds83fY,ovongladbachh7@timesonline.co.uk,Female,150.118.183.115
621,672-39-8152,Thoughtbeat,Layney,Kelcey,vmbAjpbXOKIH,lkelceyh8@latimes.com,Female,117.255.115.83
622,331-91-7254,Skilith,Rancell,La Rosa,QaPUhTf,rlarosah9@ezinearticles.com,Male,46.123.38.241
623,453-52-8416,Photofeed,Charlene,Espinet,fDSIt4Uy,cespinetha@umn.edu,Female,152.212.80.159
624,256-43-2048,Jabberstorm,Tersina,Work,lCJmdKm,tworkhb@desdev.cn,Female,202.249.219.146
625,784-91-9593,Voolia,Anneliese,Stayt,BlA0ytYu,astaythc@ycombinator.com,Female,131.176.113.80
626,293-72-0793,Mycat,Maxwell,Jennings,dBzKga0vlpIP,mjenningshd@list-manage.com,Male,217.97.207.119
627,424-17-0599,Tagtune,Phillis,Rentoll,iRRuyfPM,prentollhe@noaa.gov,Female,68.205.61.65
628,838-75-7284,Pixope,Gertrude,Malzard,KXUOblGh,gmalzardhf@imageshack.us,Female,246.101.149.240
629,349-03-8582,Oyoba,Burke,Bonevant,iVOvVG,bbonevanthg@dion.ne.jp,Male,80.16.50.29
630,816-23-6492,Cogilith,Huey,Crichton,2Me8pnZp,hcrichtonhh@prnewswire.com,Male,143.71.126.186
631,740-65-0849,Kazu,Karil,Fewkes,ki1bZYK,kfewkeshi@hexun.com,Female,224.19.168.18
632,736-45-1768,Eire,Heda,Aldersey,t4Yy2SBfOk,halderseyhj@spotify.com,Female,32.88.91.85
633,689-91-2626,Devpoint,Angie,Mustchin,u2mSF4rkdQYh,amustchinhk@sogou.com,Male,117.232.49.40
634,282-58-2832,Photobean,Olvan,Folca,ILl9uzMOmr,ofolcahl@prweb.com,Male,80.14.50.199
635,773-30-6004,Oozz,Parker,Camps,2M444SHEl,pcampshm@ca.gov,Male,247.47.249.34
636,108-84-1970,Ozu,Darsie,Elcock,km2ZAROUL,delcockhn@cornell.edu,Female,212.215.109.14
637,152-92-4073,Realbridge,Coraline,Landman,eI2MXvNr,clandmanho@tripod.com,Female,184.170.51.15
638,535-12-6095,Topicshots,Joe,Climar,hVOx5G3kx,jclimarhp@dailymail.co.uk,Male,58.132.242.77
639,813-95-2172,Livetube,Noble,Bromet,TlZVA4jKN,nbromethq@nifty.com,Male,128.68.129.228
640,806-41-5668,Twinder,Edwina,Allom,d0UHaJtzp,eallomhr@hhs.gov,Female,180.132.69.10
641,110-23-5002,Oyoloo,Clare,Dunmuir,Bj2EMgu,cdunmuirhs@discuz.net,Female,142.57.36.13
642,410-13-6226,Rooxo,Donal,Swatton,0sYBHRbv9,dswattonht@1und1.de,Male,87.51.64.61
643,560-55-5905,Jaxnation,Aguie,Crawshaw,bcR6MvHJ7S6,acrawshawhu@google.nl,Male,246.75.40.92
644,796-10-7458,Skinix,Bernadine,Gutridge,qMHkJc,bgutridgehv@cbslocal.com,Female,51.249.142.166
645,400-65-9513,Shuffledrive,Brynne,Mattiello,dul7pI89fi,bmattiellohw@engadget.com,Female,200.188.66.59
646,584-68-1606,Wikibox,Natal,Robrow,IBMsJ1bO,nrobrowhx@vk.com,Male,113.16.102.36
647,383-97-7001,Topicware,Waverley,MacRorie,O18kn3nx1RT,wmacroriehy@skyrock.com,Male,77.131.152.181
648,530-89-2801,Zoozzy,Clementina,Frantsev,8PZvan6v,cfrantsevhz@amazon.de,Female,92.245.34.151
649,523-62-8928,Kwilith,Westbrook,Lutton,Mey1SDBNtb,wluttoni0@taobao.com,Male,71.12.171.142
650,211-10-8884,Flashset,Torrin,Entwhistle,CUYLqhjZ30,tentwhistlei1@google.com.au,Male,115.243.181.191
651,279-91-0041,Photolist,Chick,Musk,y0RZWH,cmuski2@360.cn,Male,62.157.155.175
652,259-75-1401,Tagpad,Welby,Brazur,m0R6lNiljb,wbrazuri3@fda.gov,Male,231.106.22.176
653,483-22-1729,Dabshots,Trueman,Whitelaw,sfbD9TP,twhitelawi4@taobao.com,Male,203.33.231.40
654,205-71-4882,Quimm,Rona,Lambert-Ciorwyn,tKqBwkMVWo,rlambertciorwyni5@amazon.co.uk,Female,138.156.178.109
655,545-91-7278,Wikido,Gerta,Oliphard,tHsqk4GeWQ,goliphardi6@netscape.com,Female,7.114.168.97
656,729-39-4250,Brainbox,Peggy,Belli,aCqieCA07,pbellii7@google.com.br,Female,216.96.235.252
657,898-66-9321,Photojam,Luella,Lopes,PH3tR4Vr3E5,llopesi8@ifeng.com,Female,26.241.200.122
658,731-25-8288,Ailane,Hermann,Jansa,bzSejDGWUW,hjansai9@patch.com,Male,127.42.82.123
659,873-13-3700,Meezzy,Dalt,Potteril,NpErZS,dpotterilia@chicagotribune.com,Male,211.236.200.20
660,664-50-6410,Linkbridge,Francklin,Sommerling,R79tSuzMfa,fsommerlingib@wix.com,Male,226.182.97.211
661,191-69-7662,Avamm,Cele,Syres,4xaqBz7Dmw4,csyresic@msn.com,Female,27.46.63.18
662,221-11-9141,Flashset,Grannie,Deyes,HZDMnf,gdeyesid@earthlink.net,Male,126.133.151.131
663,123-26-8224,Voolith,Elnar,Pierton,t1FWZuieRcMw,epiertonie@miibeian.gov.cn,Male,42.118.80.80
664,632-56-8277,Zooxo,Nikoletta,Boas,rTBmj1,nboasif@ucsd.edu,Female,185.98.19.195
665,251-81-7331,Zoomcast,Beltran,Kaysor,5LUXIZo,bkaysorig@geocities.jp,Male,184.160.91.5
666,731-30-5010,Chatterpoint,Sonny,Devonside,7WMGCo,sdevonsideih@who.int,Male,173.145.160.133
667,757-82-2225,Topdrive,Roddy,Iveans,TLwJEeEN,riveansii@t-online.de,Male,50.26.31.59
668,499-42-9006,Thoughtblab,Skipp,Jozwicki,tQpAU2xa,sjozwickiij@earthlink.net,Male,253.203.140.123
669,234-11-4086,Babbleset,Tudor,Sudworth,TUDz8e,tsudworthik@wikimedia.org,Male,117.190.197.105
670,216-53-5109,Gabtype,Zonda,Hanham,OEdv70crMJRQ,zhanhamil@aboutads.info,Female,41.193.123.93
671,885-75-8952,Topiclounge,Marcy,Midgley,yjBbmyW3,mmidgleyim@behance.net,Female,112.8.89.108
672,399-86-1506,Photofeed,Felecia,Pimerick,CUzzuQ0aaF,fpimerickin@devhub.com,Female,249.59.20.161
673,252-15-5415,Quatz,Daffy,Happert,kWp4NLfnWAf,dhappertio@latimes.com,Female,16.96.211.126
674,612-83-3836,Pixope,Marijn,Duguid,vBcgd7,mduguidip@prlog.org,Male,41.102.83.196
675,608-41-2519,Jabberstorm,Allsun,Rozsa,H1V7xEbI,arozsaiq@free.fr,Female,248.133.20.47
676,412-83-6624,Wordware,Ade,Grierson,P3Hn7qgFG,agriersonir@usda.gov,Male,177.221.51.53
677,780-78-7100,Edgewire,Creighton,Pascho,lrP7SZD3fo6,cpaschois@blogger.com,Male,35.195.111.115
678,617-62-2665,Jabbertype,Darb,St. Louis,Ux3wTVSTUm,dstlouisit@nhs.uk,Male,149.28.8.60
679,411-73-1122,Edgetag,Alphard,Klaaassen,PrzECOln0x,aklaaasseniu@bloomberg.com,Male,251.94.10.89
680,405-99-3979,Twiyo,Arlinda,Kornalik,LJvus1c,akornalikiv@skype.com,Female,172.40.155.141
681,301-94-5757,Digitube,Junette,MacMaykin,bEXL1MCSoF,jmacmaykiniw@macromedia.com,Female,60.183.41.36
682,286-21-6995,Jazzy,Morten,Stogill,sG5hr5,mstogillix@comsenz.com,Male,157.141.211.49
683,208-14-4566,Latz,Cory,Doige,LXpPRG0FI,cdoigeiy@latimes.com,Female,165.143.228.56
684,790-46-9001,Wordtune,Cora,Rupel,Whyh2hECnqJH,crupeliz@dagondesign.com,Female,98.143.53.49
685,360-70-1974,Yacero,Darya,Abramovitch,biMHEmq2q,dabramovitchj0@gmpg.org,Female,27.10.35.45
686,107-02-8431,Jatri,Zara,Arnoll,NpyeSdiHtP,zarnollj1@weebly.com,Female,117.0.97.192
687,678-50-4046,Skyba,Winnifred,Argo,rgCYwbGt,wargoj2@scientificamerican.com,Female,62.24.9.189
688,301-46-6774,Jabberstorm,Berty,Birchett,UekzXwY3fIq,bbirchettj3@examiner.com,Female,49.240.201.104
689,348-37-1548,Latz,Cyrille,Freezor,U2Ma8ymQfF,cfreezorj4@samsung.com,Male,232.216.29.158
690,720-66-4350,Brainbox,Melody,Ebanks,xM6MQShW8,mebanksj5@quantcast.com,Female,195.226.80.44
691,266-14-1227,Realfire,Conny,Pedler,FMzJ6B,cpedlerj6@imdb.com,Female,238.215.26.67
692,428-32-8083,Bubblemix,Cathleen,Thirlaway,fi0OlQFp,cthirlawayj7@1688.com,Female,9.175.111.235
693,681-72-4201,Dazzlesphere,Stesha,Londing,5GyaFCaxt,slondingj8@dailymotion.com,Female,48.165.204.83
694,279-22-2435,Linkbridge,Gisella,Guard,sySZyl,gguardj9@google.co.jp,Female,194.232.130.2
695,721-06-3896,Skynoodle,Mathe,Dmitrichenko,YX6GgP,mdmitrichenkoja@upenn.edu,Male,227.26.119.232
696,551-58-5040,Blogpad,Tann,Long,xQrM2rbYz3,tlongjb@uol.com.br,Male,211.209.122.119
697,691-26-5180,Devcast,Ricoriki,Peachey,DAgZ69mYJNH,rpeacheyjc@about.me,Male,147.183.33.60
698,491-69-8950,Brightbean,Norrie,Paige,YAhmGepco,npaigejd@npr.org,Male,20.200.110.16
699,194-88-7262,Trupe,Skipton,Rousby,gYaEGFCjueR,srousbyje@mlb.com,Male,204.255.231.2
700,703-43-8525,Rhynoodle,Sisile,Djakovic,6UEAOEmfwr,sdjakovicjf@zimbio.com,Female,210.205.198.226
701,851-49-7365,Roodel,Tedman,Staig,hpeYQjvmq,tstaigjg@smh.com.au,Male,152.207.202.140
702,547-13-4875,Aimbo,Lenora,Gerram,Rz6Gkon351,lgerramjh@arizona.edu,Female,1.146.192.61
703,758-17-1172,Zooxo,Rasla,Balch,3F94tv2DT,rbalchji@epa.gov,Female,118.240.221.109
704,342-95-4663,Feedfish,Marjorie,Spata,aPbejqD,mspatajj@cbsnews.com,Female,204.223.215.27
705,181-09-7456,Quatz,Kahaleel,Challace,ijAjJmf9Vha,kchallacejk@cam.ac.uk,Male,123.153.213.132
706,829-02-7539,Zoomdog,Corena,Thoday,5jk8xIGvp,cthodayjl@wired.com,Female,113.239.244.106
707,642-29-0076,Mycat,Rolf,Filov,LZN4s5C,rfilovjm@drupal.org,Male,211.100.24.223
708,817-89-1303,Chatterbridge,Falkner,McNelis,IOme9eUVFma,fmcnelisjn@moonfruit.com,Male,133.93.113.21
709,649-30-4864,Yozio,Jerri,Dubose,nEnLLrKs1f,jdubosejo@intel.com,Male,172.109.229.119
710,108-87-4545,Aivee,Steffie,Lawfull,6Q3feiPIEv1,slawfulljp@japanpost.jp,Female,83.15.25.34
711,470-19-7668,Divavu,Torrance,Hasted,t0KCC7BP9,thastedjq@ehow.com,Male,37.40.183.186
712,781-54-8557,Realfire,Blanch,Mastrantone,x3Y7FgpmfVRW,bmastrantonejr@soup.io,Female,251.241.161.139
713,428-44-8495,Gigazoom,Tansy,Balmer,DW8qv5f,tbalmerjs@wikia.com,Female,129.46.92.101
714,744-56-9245,Babbleset,Chery,Tumioto,pRLwOOeA,ctumiotojt@un.org,Female,159.96.112.134
715,732-54-1838,Zooxo,Corena,Simonel,n0sUhtxfG8f,csimonelju@paginegialle.it,Female,93.17.88.123
716,609-17-4810,Livepath,Abba,Kinset,ijrt8vj0FB,akinsetjv@slashdot.org,Male,134.146.195.26
717,109-45-0360,Twitterbridge,Salem,Cockshott,mJlykn,scockshottjw@harvard.edu,Male,168.199.56.211
718,596-12-4774,Trupe,Dorothy,Roath,qHPVsS10cxL,droathjx@cnbc.com,Female,59.92.36.102
719,709-69-3954,Avamba,Esdras,Cosbey,it6zdCsMee,ecosbeyjy@nymag.com,Male,153.248.214.136
720,572-67-4385,Jabbercube,Wyatt,Boumphrey,gRnc12LG9wl,wboumphreyjz@thetimes.co.uk,Male,212.207.145.152
721,424-95-5180,Plambee,Gerald,Matthews,339GhPC2l,gmatthewsk0@icio.us,Male,192.169.157.108
722,260-87-8534,Topicshots,Odele,Jedrys,0qV2mop,ojedrysk1@netscape.com,Female,109.49.175.64
723,556-09-3488,JumpXS,Kassandra,Ollcott,bTG7DRAebbFr,kollcottk2@qq.com,Female,166.191.68.114
724,415-54-6027,Gabtype,Alexander,Millwall,Jmr4QSvs,amillwallk3@vistaprint.com,Male,198.221.208.86
725,463-34-7540,Ntag,Arlette,Kiwitz,wpHVjV,akiwitzk4@goo.ne.jp,Female,13.121.76.173
726,859-71-4638,Podcat,Tedmund,Hubach,wtMPnsLSfr,thubachk5@ameblo.jp,Male,71.246.158.162
727,702-14-2856,Ntags,Jackquelin,Bill,MV9ULDrvkk,jbillk6@fda.gov,Female,179.49.234.59
728,412-84-5511,Talane,Trefor,Peacop,yPhJdcwk75,tpeacopk7@seattletimes.com,Male,125.193.76.137
729,181-94-2331,Trilith,Johnathan,Hearst,0QbYsigA7,jhearstk8@paypal.com,Male,123.18.119.60
730,534-92-9774,Mycat,Kinnie,Serjeantson,DJMBdbgZeA,kserjeantsonk9@vimeo.com,Male,123.104.189.108
731,736-22-8916,Yata,Almira,Petigrew,2Efk79h,apetigrewka@ycombinator.com,Female,149.37.165.128
732,736-78-8085,Einti,Eveleen,Padfield,doUPWBLK8cw,epadfieldkb@miitbeian.gov.cn,Female,208.175.57.79
733,133-19-2916,Livetube,Aldric,Mundall,AGvqBXCBH,amundallkc@comsenz.com,Male,178.243.200.45
734,764-21-0239,Zoombox,Codie,Woodhouse,VGDNyaz,cwoodhousekd@usgs.gov,Male,15.150.245.45
735,369-94-0436,Twitterworks,Garvey,Wettern,NLUBxnk,gwetternke@cafepress.com,Male,153.62.153.253
736,615-43-5367,Mudo,Minne,Debrick,Ovo8CYzBBP9u,mdebrickkf@de.vu,Female,28.2.149.63
737,133-63-8033,Avaveo,Fawne,Deakes,KUzRQfm,fdeakeskg@nps.gov,Female,0.39.104.236
738,321-16-5635,Kwinu,Wittie,Anthoney,RZKBeUCziIjf,wanthoneykh@symantec.com,Male,110.21.207.110
739,315-14-9056,Lajo,Ilaire,Pietrowski,x95MVQXeDYmf,ipietrowskiki@usatoday.com,Male,55.228.34.249
740,674-50-5361,Yadel,Brigitte,MacAlaster,HrdHRmL837,bmacalasterkj@seesaa.net,Female,11.24.161.168
741,232-46-9477,Katz,Annissa,Paquet,xvdRQ5tO,apaquetkk@woothemes.com,Female,205.23.135.207
742,501-40-0646,Yodoo,Noemi,Dormer,wXUbPt9,ndormerkl@uol.com.br,Female,235.126.188.242
743,592-03-3115,Fadeo,Abbi,Longstreeth,zQgz4vDUC2A,alongstreethkm@webs.com,Female,33.6.222.241
744,281-35-6582,Jazzy,Davita,Yezafovich,jDwXYJyKnm,dyezafovichkn@reference.com,Female,196.160.143.67
745,266-55-6734,Skalith,Arni,Meier,2dqLvJo,ameierko@imdb.com,Male,145.141.32.245
746,250-97-1319,Skimia,Brittani,Rawet,xG0s4mvvZ6,brawetkp@symantec.com,Female,112.190.99.55
747,360-38-0520,Jayo,Emmeline,Devine,fio83Zx8WchF,edevinekq@amazon.co.jp,Female,63.168.23.134
748,590-28-4526,Ntags,Abdul,Rosendahl,bDgVA7jC,arosendahlkr@usnews.com,Male,193.75.159.54
749,786-19-3949,Riffpath,Darla,Seymark,4HXXaV3hbw,dseymarkks@tiny.cc,Female,206.87.183.201
750,596-80-9592,Riffwire,Yasmeen,Kyngdon,7mKAR8D,ykyngdonkt@ft.com,Female,6.63.240.12
751,207-19-8400,Leenti,Lockwood,Baert,vWMkxgcSKn,lbaertku@mysql.com,Male,231.108.20.163
752,408-97-7974,Muxo,Kipper,Tomalin,nC8zvkW,ktomalinkv@ow.ly,Male,216.9.144.182
753,678-20-0744,Kwilith,Valle,Chudleigh,w1DZhI6uVkF,vchudleighkw@desdev.cn,Male,228.225.56.97
754,625-55-1689,Shuffletag,Paddy,Bedford,uwWqRsWN8K,pbedfordkx@cocolog-nifty.com,Male,132.179.135.101
755,829-09-1611,Centidel,Sheelah,Kinforth,qPpuuiFUZK2,skinforthky@dion.ne.jp,Female,17.54.87.21
756,384-18-7793,Twitterbeat,Lemmie,Cannon,WpHW4x8Si5C,lcannonkz@facebook.com,Male,73.225.39.111
757,587-68-3118,Feednation,Lynelle,Wolfenden,FAPdDd7laHf,lwolfendenl0@google.ca,Female,17.233.98.229
758,882-81-2121,Chatterpoint,Gottfried,Warcop,0Vlu4qir,gwarcopl1@cnbc.com,Male,204.184.54.43
759,433-31-7772,Kimia,Sukey,De Lascy,yt55XBK2Hd,sdelascyl2@sbwire.com,Female,255.79.117.115
760,736-39-0959,Einti,Claudina,Gritland,xIt4gje,cgritlandl3@yolasite.com,Female,126.173.134.102
761,284-24-5179,Quatz,Nataniel,Gillebride,2TBJ2v,ngillebridel4@webmd.com,Male,198.255.18.218
762,767-42-3207,Devcast,Townie,Ivantyev,v52iRMI,tivantyevl5@cbc.ca,Male,52.125.95.157
763,340-69-7511,Twinder,Alika,Lozano,u1i3N8d8CIPF,alozanol6@uol.com.br,Female,4.53.11.91
764,588-81-9667,Tazz,Veronica,Pavis,Muhhve,vpavisl7@usgs.gov,Female,89.10.151.73
765,543-97-6260,Skimia,Langsdon,Burthom,jvgqRWXvFFF,lburthoml8@ed.gov,Male,165.218.218.108
766,794-52-0421,Oba,Almeda,Kynan,aqLBWgt,akynanl9@wisc.edu,Female,47.183.48.1
767,297-52-3439,Rhyzio,Myrle,Eyckel,GYDm296tW4rl,meyckella@xinhuanet.com,Female,217.34.70.150
768,748-52-8864,Vidoo,Ursuline,Melin,Vo1uP4PMHc,umelinlb@webs.com,Female,171.76.55.251
769,169-45-0992,Oloo,Izzy,Pullen,V4PwRetl1slc,ipullenlc@quantcast.com,Male,212.236.238.235
770,681-49-7978,Tagcat,Darrick,Ohms,CUMpXmDZhuV,dohmsld@free.fr,Male,154.199.173.30
771,471-73-6485,Yombu,Katti,Varndell,WOrZ38lZ,kvarndellle@ustream.tv,Female,177.33.59.149
772,295-03-9830,Brainverse,Jodi,Woodwind,llxB0CjrNX3n,jwoodwindlf@ox.ac.uk,Male,59.55.108.143
773,877-83-6622,Topicblab,Stephine,Ainscow,Wzs0KB5,sainscowlg@ucla.edu,Female,40.232.101.70
774,759-39-0105,Camido,Alix,Waye,HnNVNJHWe,awayelh@51.la,Male,140.167.12.56
775,711-28-2267,Meevee,Hadley,Saill,8PeLQyV,hsaillli@webnode.com,Male,93.62.207.24
776,565-82-2453,Jaxspan,Emeline,Rogerot,P8dC7s,erogerotlj@admin.ch,Female,204.202.95.9
777,831-86-4180,Brainverse,Marlee,Timmes,rx3JxXp81q,mtimmeslk@mtv.com,Female,195.132.97.235
778,653-87-0229,Zooveo,Dunstan,Kitchiner,4M1bRbp8cl,dkitchinerll@home.pl,Male,121.197.32.154
779,486-41-8061,Fanoodle,Toddy,Town,4VL8heKZ,ttownlm@nymag.com,Male,19.76.114.126
780,109-15-3899,Dabshots,Marlowe,Woolliams,G8GzAQnPB0Gz,mwoolliamsln@archive.org,Male,108.43.87.185
781,343-94-6272,Aimbo,Chance,Veschambes,M5XIDXWOn,cveschambeslo@senate.gov,Male,73.64.167.87
782,737-57-4634,Dynava,Rafaela,Huws,vscneyN5Z,rhuwslp@theglobeandmail.com,Female,45.190.64.94
783,519-10-5437,Eire,Ogden,Gianolini,a92Q6yzf36,ogianolinilq@indiatimes.com,Male,219.208.93.102
784,871-62-9085,Voomm,Max,Kroger,wg2UF4Pw,mkrogerlr@cnet.com,Female,44.221.116.24
785,383-42-9154,Avamm,Augustine,Gulleford,pqNxDu,agullefordls@oakley.com,Female,206.142.64.230
786,127-24-8292,Bubblemix,Sammy,Crean,X5fzFin,screanlt@jigsy.com,Male,235.165.66.93
787,855-02-5225,Jaxnation,Ardelle,Rubenovic,Wt3iU0mlYHB,arubenoviclu@360.cn,Female,239.197.216.123
788,181-32-0584,Aivee,Dewitt,Duplan,EbtijH,dduplanlv@pagesperso-orange.fr,Male,172.99.145.118
789,559-72-8581,Brightbean,Zelda,Candwell,RDZ5mAcxwY,zcandwelllw@statcounter.com,Female,207.200.165.38
790,183-94-8307,Zazio,Grange,Seabourne,Sk9QyjLnZWj,gseabournelx@homestead.com,Male,79.19.235.210
791,658-89-4736,Livepath,Ewan,Dyett,jP06Vdv,edyettly@cargocollective.com,Male,254.35.134.246
792,889-21-9440,Jayo,Frannie,Belmont,OpEVClGJ,fbelmontlz@jugem.jp,Male,210.97.90.102
793,134-32-7341,Feedbug,Jerome,Sculley,cUtuEz3v,jsculleym0@tumblr.com,Male,140.90.79.184
794,476-28-8715,Gabcube,Billy,Gantley,JlzbGS39,bgantleym1@de.vu,Male,94.19.70.85
795,801-93-8632,Edgepulse,Mylo,Sloey,M4NUXNm4N3V,msloeym2@vk.com,Male,193.17.106.82
796,772-62-4717,Snaptags,Torin,Meriot,eUpAZIcFdIPc,tmeriotm3@nsw.gov.au,Male,245.163.159.29
797,707-77-8389,Bubbletube,Delbert,Bispo,VgTb8znj,dbispom4@dot.gov,Male,91.53.186.208
798,133-98-4779,Wikizz,Randell,Povele,VplkyvpIqD6w,rpovelem5@businessinsider.com,Male,190.207.226.16
799,483-83-5362,Skipstorm,Killian,Dumingos,pmiPtmwgJjQ,kdumingosm6@whitehouse.gov,Male,118.246.197.188
800,857-47-2991,Kare,Bernelle,Commin,9XsfLz2xNg,bcomminm7@apple.com,Female,96.164.97.63
801,673-59-3292,Rhycero,Dewitt,Ferrini,t6dYsG7,dferrinim8@technorati.com,Male,83.255.194.159
802,161-32-4433,Tagchat,Galven,MacRanald,JXgZSJ92uEYj,gmacranaldm9@prlog.org,Male,120.174.54.83
803,732-01-8706,InnoZ,Skippy,Swaby,Spo8gQft,sswabyma@opensource.org,Male,101.238.153.222
804,205-34-2392,Yozio,Buddy,Wyant,HBiBgws,bwyantmb@nasa.gov,Male,85.226.41.239
805,754-57-1907,Flipopia,Kermit,MacNeachtain,NC2IG2u,kmacneachtainmc@youtu.be,Male,240.80.27.120
806,348-57-3442,Jaloo,Dunstan,Frankis,igphszRfMAK,dfrankismd@studiopress.com,Male,82.166.41.26
807,608-50-8724,Quimba,Ricardo,Harriday,ytW7UanNFA,rharridayme@plala.or.jp,Male,164.89.51.117
808,720-19-5940,Chatterbridge,Alfy,Acosta,mZoszTSVmIA,aacostamf@elegantthemes.com,Male,84.50.44.15
809,637-57-4223,Abata,Herold,Barrow,EuuwyNtM,hbarrowmg@latimes.com,Male,23.22.132.211
810,735-18-2782,Kazio,Brandon,Hamson,sx6ySn9jl,bhamsonmh@zimbio.com,Male,61.174.172.185
811,287-17-5577,Oodoo,Hardy,Klimek,Dm0ztKdZc,hklimekmi@example.com,Male,234.162.248.115
812,139-05-5300,Bubbletube,Rogerio,Miquelet,bESBZjcC,rmiqueletmj@taobao.com,Male,123.137.222.183
813,886-05-9851,Devcast,Fallon,Crowdy,kIBHsCKtFPF,fcrowdymk@e-recht24.de,Female,5.251.70.165
814,589-49-7405,Twitterworks,Aile,Borkett,DGNsgvK,aborkettml@mapquest.com,Female,208.34.227.172
815,811-48-9296,Tavu,Aila,Pech,uVz133TlYX,apechmm@jigsy.com,Female,232.107.28.63
816,596-30-0854,Tagcat,Fred,Beddall,xYxiCkizy,fbeddallmn@google.de,Male,152.90.34.21
817,160-33-7768,Latz,Gordie,Clifton,MGuIx2ZQ4RSl,gcliftonmo@devhub.com,Male,1.222.6.137
818,845-62-8736,Meemm,Sherlocke,Schild,dTKmeOei,sschildmp@reddit.com,Male,177.72.38.21
819,560-93-1655,Fivechat,Ursulina,Bertie,1yRn9VJAS8A,ubertiemq@java.com,Female,226.193.100.201
820,549-60-9512,Flipbug,Christy,Gebbie,kszOlEw,cgebbiemr@netlog.com,Female,204.119.92.138
821,304-74-9295,Gigashots,Helen,Leonarde,sZbtSZ,hleonardems@reverbnation.com,Female,29.16.177.171
822,259-46-3710,Yodel,Elizabet,Leamy,rlOU79F,eleamymt@ezinearticles.com,Female,68.197.123.248
823,894-54-2756,Topiclounge,Martica,Pickerin,obJwu6EgWRs,mpickerinmu@google.co.jp,Female,150.3.164.205
824,672-58-2207,Tagopia,Abey,Isard,twC1SSejtn,aisardmv@omniture.com,Male,131.131.41.185
825,720-36-0536,Tavu,Nada,Learned,jU1yB4,nlearnedmw@buzzfeed.com,Female,98.230.53.26
826,175-70-9591,InnoZ,Christoforo,Dundridge,OKwWLhkHJBVz,cdundridgemx@xing.com,Male,186.39.25.181
827,760-09-0723,Reallinks,Joey,Calles,bkgQwswoe,jcallesmy@bloglines.com,Female,252.239.187.165
828,509-21-1092,Jayo,Jania,Pelerin,MZHc9xfSPYs,jpelerinmz@indiegogo.com,Female,124.156.175.213
829,467-15-4650,Wordpedia,Maitilde,Marchenko,hnJHUrvIHT,mmarchenkon0@dailymail.co.uk,Female,163.197.206.249
830,713-80-5571,Meetz,Alexine,Benoiton,GNPjBMi3b,abenoitonn1@wisc.edu,Female,151.162.218.142
831,525-84-0795,Yotz,Candy,Kreutzer,lrK2fR,ckreutzern2@mapquest.com,Female,192.84.107.66
832,848-04-2456,Demivee,Stacy,Sommerled,DFsqTyD,ssommerledn3@cafepress.com,Female,10.61.231.90
833,625-19-3243,Shuffledrive,Doretta,Stapley,csIBGITXFz,dstapleyn4@ifeng.com,Female,73.203.176.40
834,349-95-5796,Brainsphere,Roxanne,Heugel,dA1rDvEF,rheugeln5@google.it,Female,138.170.71.0
835,225-51-9853,Lajo,Perkin,Arnal,VHWQDusC0H1,parnaln6@bbc.co.uk,Male,96.135.224.16
836,644-44-4872,Kwinu,Shannon,Pietzke,VkwrJvnB,spietzken7@gov.uk,Male,154.197.105.130
837,431-73-5201,Cogilith,Andreas,Baugh,hDfm51,abaughn8@live.com,Male,131.142.237.15
838,635-06-3657,Nlounge,Robyn,Persehouse,Rtprldx1w,rpersehousen9@sakura.ne.jp,Female,35.227.231.236
839,573-47-7617,Flashspan,Rockwell,Roskelly,tqjspz,rroskellyna@whitehouse.gov,Male,165.224.13.252
840,494-26-2504,Quinu,Geoffry,McClure,Sl9aEQiW8u,gmcclurenb@reference.com,Male,2.29.228.170
841,579-40-1610,Pixope,Carlin,Lavielle,SHtfg4,claviellenc@geocities.jp,Male,201.87.47.212
842,375-50-0442,Aimbu,Jory,Berntssen,9LHGHU,jberntssennd@123-reg.co.uk,Male,187.215.125.45
843,116-93-0989,Tazz,York,Dolder,J3LzhP0IfIy,ydolderne@utexas.edu,Male,191.198.255.123
844,546-60-3254,Oyoyo,Crosby,Snel,cSlKSqNk,csnelnf@state.gov,Male,121.185.149.152
845,786-87-8644,Jatri,Trevor,Shord,P1hCEQWs,tshordng@purevolume.com,Male,120.97.186.60
846,848-48-2558,Chatterpoint,Lusa,Leppington,zY5N2mPZ1IPx,lleppingtonnh@amazon.de,Female,64.255.152.148
847,418-96-3363,Voonix,Brande,McNellis,oq66vYl,bmcnellisni@utexas.edu,Female,35.199.239.119
848,581-20-5454,Babbleblab,Karole,Teers,uhwLgW,kteersnj@indiatimes.com,Female,123.222.6.215
849,191-35-3604,Ntags,Ethe,Tourne,ZPVWORKL,etournenk@chron.com,Male,29.5.109.226
850,587-03-6187,Zoombox,Ferdinande,Davitashvili,qxjZd00Oh7Mc,fdavitashvilinl@senate.gov,Female,90.171.1.119
851,418-14-0804,Roombo,Forest,Smickle,pZO24q,fsmicklenm@blog.com,Male,20.223.204.148
852,265-95-4803,Vitz,Jorey,Mussalli,CME7OzR,jmussallinn@yolasite.com,Female,58.57.109.26
853,476-04-8766,Katz,Carney,Bockett,hbV1DB4X,cbockettno@privacy.gov.au,Male,13.140.186.120
854,622-99-1883,Eazzy,Bettina,Grastye,Pb84uqD,bgrastyenp@blog.com,Female,184.217.205.190
855,421-12-5788,Ainyx,Aurel,Paireman,0S6RwmPcjM,apairemannq@ox.ac.uk,Female,138.183.31.108
856,747-34-5470,Livepath,Neddy,Dominguez,jTAlm6B5vkv5,ndomingueznr@vkontakte.ru,Male,25.36.95.247
857,232-07-6672,Yodel,Wake,Wilsher,IP7bBXwO8Pe,wwilsherns@google.com.au,Male,26.103.253.115
858,517-53-9154,DabZ,Mar,Hurdman,gpWlujch1,mhurdmannt@4shared.com,Male,81.142.242.89
859,420-75-3634,Tavu,Maddy,Andretti,dwNm7yC,mandrettinu@wufoo.com,Male,253.16.228.199
860,569-24-2780,Rhynyx,Wit,Folcarelli,6aEpZSfcM,wfolcarellinv@ehow.com,Male,211.77.90.118
861,846-78-6755,Wikibox,Nathan,Fisbburne,WhEY81DOwEtL,nfisbburnenw@comsenz.com,Male,87.207.92.189
862,841-43-1388,Trunyx,Camel,Attock,SZWOcINM,cattocknx@biglobe.ne.jp,Female,189.59.21.152
863,422-04-3189,Fivespan,Kristoffer,MacGill,xfBdnPOzD8,kmacgillny@xrea.com,Male,151.115.228.196
864,135-66-5735,Oozz,Raven,Pechacek,kHos7V44,rpechaceknz@mac.com,Female,214.212.52.202
865,419-77-7557,Mycat,Gian,Wace,qc6TE6bMd,gwaceo0@yolasite.com,Male,56.94.156.55
866,577-71-4728,Skinte,Shoshana,Tille,lFoXLK,stilleo1@intel.com,Female,62.248.84.3
867,362-28-7200,Brainbox,Vale,Tevlin,FgRpJFX,vtevlino2@cam.ac.uk,Male,164.156.117.57
868,756-87-2119,Topicware,Reagen,Rapport,Dh7VvDY,rrapporto3@bbc.co.uk,Male,120.169.38.207
869,819-20-9173,Yakidoo,Neala,Schapero,Nktt1grK,nschaperoo4@quantcast.com,Female,201.13.104.94
870,399-13-7814,Divanoodle,Johny,Michael,GAeFOlIC,jmichaelo5@soundcloud.com,Male,244.35.92.194
871,744-27-3179,Quatz,Rodrick,Parkyns,LGMeE9nz0ih,rparkynso6@alibaba.com,Male,180.6.221.157
872,150-55-8898,Demivee,Clement,Duckham,imXZNgPNSt8M,cduckhamo7@myspace.com,Male,103.140.101.161
873,208-18-8759,Cogilith,Edsel,Swindin,EjDaVJ,eswindino8@sogou.com,Male,48.58.191.168
874,282-78-1823,Thoughtbeat,Harrie,Gotch,quhyHilT,hgotcho9@narod.ru,Female,22.138.128.159
875,868-13-4343,Meeveo,Bret,Ainscow,81NuG2zyB,bainscowoa@lycos.com,Male,29.191.163.36
876,185-37-3224,Jabberstorm,Morris,Volleth,OyqCiFo,mvollethob@utexas.edu,Male,119.96.0.156
877,175-05-3340,Blogpad,Job,Tedridge,89I1Q65MNqj7,jtedridgeoc@photobucket.com,Male,114.8.4.205
878,702-22-0246,Divanoodle,Levy,Blazek,FO47C7,lblazekod@behance.net,Male,235.203.138.117
879,230-53-5260,Einti,Auroora,Hebbs,sMy9zvyNWg,ahebbsoe@ehow.com,Female,112.136.41.138
880,740-61-2113,Photospace,Grier,Hardwick,0tz84tyQOJj,ghardwickof@lulu.com,Female,217.16.187.98
881,166-44-0621,Feedfish,Averell,Primo,eqUzEFEQ,aprimoog@noaa.gov,Male,187.94.8.2
882,566-41-2663,Voomm,Nerti,Lancetter,4XQHcBJ,nlancetteroh@blogs.com,Female,46.124.98.134
883,809-05-3118,Devshare,Ellette,Klimes,gvT3mH3,eklimesoi@washington.edu,Female,97.125.72.157
884,382-76-5406,Lazzy,Zita,Caukill,OFZ8gLa,zcaukilloj@xinhuanet.com,Female,211.221.167.12
885,466-37-6102,Buzzbean,Yardley,Smitherman,u7dnXrGR,ysmithermanok@google.co.jp,Male,219.157.124.199
886,315-23-9141,Yata,Eward,Pether,R8EiE15bG5Wt,epetherol@wikimedia.org,Male,87.244.191.220
887,377-17-9922,Tekfly,Ado,Crusham,fbfGXZOTo,acrushamom@opensource.org,Male,112.147.200.74
888,898-24-5926,Kazio,Cathe,Sainteau,Or5KIyzAO,csainteauon@amazon.com,Female,33.15.101.168
889,696-95-1912,Twitterwire,Clo,Gallemore,2yfcX4MC,cgallemoreoo@noaa.gov,Female,111.225.202.168
890,703-35-1403,Twitternation,Sanford,Dovington,ggjHtUB,sdovingtonop@cnbc.com,Male,144.187.125.11
891,341-91-1793,Photolist,Cristin,Hagwood,hNbH2Qoh3Kt,chagwoodoq@elegantthemes.com,Female,11.55.45.107
892,555-52-4977,Zooveo,Bernadene,Kitchenman,13I9w9M,bkitchenmanor@wufoo.com,Female,32.157.55.139
893,364-97-0471,Kazu,Archaimbaud,Hinemoor,P3QwUNOYs,ahinemooros@sogou.com,Male,43.187.51.72
894,695-42-5049,Fanoodle,Parry,Domoney,IqCaCtAk,pdomoneyot@craigslist.org,Male,133.109.204.40
895,274-25-6980,Divanoodle,Cinderella,Bradborne,UY0e2tri0i0,cbradborneou@spiegel.de,Female,33.24.59.58
896,321-60-0261,Midel,Rudy,Gile,GWT8CIAgG,rgileov@si.edu,Male,246.69.158.43
897,586-41-8852,Bubblebox,Yvor,Atlay,6wv7eyOhFBq,yatlayow@mozilla.com,Male,72.239.46.194
898,119-11-3144,Rhynyx,Hana,Wiszniewski,H6ODYNkK,hwiszniewskiox@ebay.co.uk,Female,157.206.51.16
899,506-33-0279,Topicblab,Marabel,Schistl,cdhR8y7LE2o,mschistloy@ustream.tv,Female,121.29.72.109
900,208-62-8147,Mymm,Tedra,Effnert,eXjVLi,teffnertoz@gizmodo.com,Female,234.86.114.48
901,283-27-6898,Yozio,Agatha,Webermann,bpEmS57V,awebermannp0@nih.gov,Female,60.184.136.188
902,215-34-4233,Yambee,Leeann,Linham,xNmELsERbDl,llinhamp1@163.com,Female,47.1.161.226
903,369-90-4316,Kimia,Cynthy,Cansdell,KyEUJ4ZEtpB,ccansdellp2@163.com,Female,149.20.170.11
904,281-49-7180,Demimbu,Brynn,Stamps,ZVAneI,bstampsp3@wsj.com,Female,7.133.213.1
905,362-99-7242,Jaxnation,Pryce,McCrachen,den0LbZXpLq,pmccrachenp4@imdb.com,Male,101.44.220.215
906,181-36-8172,Teklist,Patricio,Lorain,JafW80Wu,plorainp5@narod.ru,Male,25.68.235.182
907,798-32-6146,Leexo,Evvie,Ebbles,VgmeisY,eebblesp6@aol.com,Female,33.92.143.124
908,311-81-3540,Digitube,Taddeo,Gierck,jEJLZx,tgierckp7@etsy.com,Male,14.36.152.239
909,606-10-1438,Feedbug,Jesse,Carnegie,nvRbO3JmL,jcarnegiep8@odnoklassniki.ru,Female,105.216.112.32
910,367-18-8410,Meevee,Allis,Aluard,QffX2lpCn,aaluardp9@webnode.com,Female,86.7.218.160
911,843-85-8089,Abata,Lee,Brophy,YdVxJB9kqFR3,lbrophypa@netvibes.com,Female,3.83.12.247
912,336-93-9748,Jetwire,Cathy,Wisniowski,YCu6dwWJpp,cwisniowskipb@deliciousdays.com,Female,249.115.47.51
913,706-42-7207,Fivechat,Rosalind,Barks,uxYOd3y5fgao,rbarkspc@chicagotribune.com,Female,2.75.48.253
914,736-90-0096,Aibox,Emmeline,Domone,p0c63ipbbRK,edomonepd@quantcast.com,Female,62.131.151.116
915,729-18-5473,Youopia,Alphonso,Erangy,numeBXZNa,aerangype@salon.com,Male,181.128.248.179
916,769-42-9659,Topiclounge,Andria,Stathor,8lXo5VXpIfd,astathorpf@fastcompany.com,Female,226.36.135.74
917,858-54-3700,Jaxspan,Jamaal,Alfonso,hdAYbr,jalfonsopg@arizona.edu,Male,131.138.255.246
918,286-95-2537,Chatterpoint,Brendan,Lippitt,3X7g2Du7t,blippittph@nsw.gov.au,Male,247.142.68.218
919,890-37-8682,Voonix,Rowe,Kelby,MLqEUb,rkelbypi@eventbrite.com,Female,195.85.83.206
920,245-62-3903,Tambee,Shawn,Growcock,bDxBWMT,sgrowcockpj@unesco.org,Male,35.54.33.171
921,132-37-7014,Bluezoom,Gretchen,Swaisland,vOlznOxL,gswaislandpk@va.gov,Female,122.51.87.223
922,323-66-7081,Aivee,Robers,Saffran,i0egYs,rsaffranpl@aboutads.info,Male,222.52.106.94
923,639-40-9845,Rhybox,Adrian,Clymer,uqbZPUrMQ,aclymerpm@cbsnews.com,Female,112.92.218.37
924,572-71-1929,Quamba,Spenser,Peegrem,BTVWUr647,speegrempn@sfgate.com,Male,0.176.96.69
925,682-84-0565,Brainsphere,Margaret,Goodred,jnUcMcDI,mgoodredpo@ezinearticles.com,Female,3.136.248.21
926,316-15-1377,Twitternation,Clare,Tomaini,QLDrYU,ctomainipp@reuters.com,Female,130.92.35.179
927,602-61-5065,Jetwire,Agosto,Locock,gw7suI3q4clR,alocockpq@google.de,Male,148.182.5.43
928,530-47-2920,Camido,Bendix,Teenan,YJ9Ynv1keoV,bteenanpr@cbslocal.com,Male,35.158.145.62
929,250-32-9311,Fivespan,Rex,Gager,TZHtpi1Blv,rgagerps@bigcartel.com,Male,52.56.14.154
930,834-02-3467,Abatz,Sheffield,Utting,pJ55aB,suttingpt@nationalgeographic.com,Male,104.196.101.52
931,161-37-3065,Babbleset,Paddy,Clappson,IiCmrfsk4sI,pclappsonpu@buzzfeed.com,Male,251.210.121.235
932,735-82-9325,Centizu,Prescott,Choudhury,5Pl1g1fOa2,pchoudhurypv@networkadvertising.org,Male,56.86.120.20
933,739-40-1932,Aimbu,Kassia,Jarrard,lRLiVmx,kjarrardpw@posterous.com,Female,117.103.72.155
934,238-02-7785,Ozu,Natividad,Voden,xmwSBU,nvodenpx@wikimedia.org,Female,90.198.147.132
935,627-98-6048,Skinder,Lew,Pearcehouse,nedEfbg,lpearcehousepy@acquirethisname.com,Male,40.86.156.66
936,553-79-2647,Buzzbean,Bellina,Kainz,LdEUZeTTkJ,bkainzpz@apache.org,Female,102.30.6.230
937,514-53-3208,Flipopia,Franciska,Boyda,wqzYWU6UrDfh,fboydaq0@msn.com,Female,36.18.164.149
938,147-43-9777,Dazzlesphere,Sharla,Gave,U31Eql,sgaveq1@ameblo.jp,Female,249.38.69.124
939,876-19-9967,Fliptune,Frederich,Crosse,LoyfWluy,fcrosseq2@cdbaby.com,Male,3.214.209.99
940,756-15-1046,Roombo,Dicky,Grunwald,EXWO9c5rNPY3,dgrunwaldq3@mtv.com,Male,213.3.51.144
941,835-90-1672,Viva,Judon,Tibbotts,UwqpuBPqVkr,jtibbottsq4@google.ru,Male,38.249.71.159
942,737-42-4106,Skyba,Millard,Southway,oqxwibkQ,msouthwayq5@google.co.jp,Male,4.64.232.140
943,326-41-4236,Edgewire,Fee,Krysiak,YwJLNgcp7A,fkrysiakq6@jigsy.com,Male,76.215.185.226
944,410-94-7850,Realbuzz,Stanfield,O'Fairy,4Grj7z9k6,sofairyq7@w3.org,Male,56.176.109.18
945,340-30-5143,Dabshots,Corby,Morman,qjVhku,cmormanq8@nydailynews.com,Male,17.60.249.57
946,662-72-1091,Mydeo,Carolyn,Toseland,mTesQ0hhyuud,ctoselandq9@unblog.fr,Female,105.92.204.75
947,570-49-0115,Youtags,Addi,Firk,igcbEJR2,afirkqa@kickstarter.com,Female,126.115.240.246
948,288-34-3235,Trupe,Dorise,Glendenning,bruoK6Ds9Q7A,dglendenningqb@fastcompany.com,Female,146.1.210.72
949,742-95-9377,Innotype,Logan,Rousby,Ke6b83S,lrousbyqc@stanford.edu,Male,8.197.82.46
950,892-22-5769,Trudeo,Marne,Kerner,JMWzTB5tpSzW,mkernerqd@joomla.org,Female,32.6.141.218
951,575-98-0763,Gabvine,Gerri,Twitching,3mvq5xXeH,gtwitchingqe@topsy.com,Male,189.253.130.1
952,251-92-8868,Kimia,Keelia,Ginley,J7oshJvjaB1q,kginleyqf@cbc.ca,Female,157.115.198.30
953,531-80-4338,Tazzy,Jordana,Willgoss,jXT1ubbjNjF5,jwillgossqg@java.com,Female,136.164.204.88
954,756-81-9975,Quatz,Prisca,Thurlborn,vtl1eOkI,pthurlbornqh@prnewswire.com,Female,17.161.255.46
955,857-21-1758,DabZ,Arny,Treasaden,eYkrdVafug,atreasadenqi@bigcartel.com,Male,94.175.235.133
956,898-02-0641,Realbridge,Waneta,Witson,TGyDjGnAJ253,wwitsonqj@flavors.me,Female,202.147.209.207
957,800-16-7792,Wikibox,Hilliard,Ousbie,6Zm7loDNgZa,housbieqk@wiley.com,Male,230.226.176.11
958,836-77-1777,Photospace,Giulia,Molder,wpuNLCNg,gmolderql@bloomberg.com,Female,159.112.242.165
959,208-12-2559,Skippad,Dori,Lenihan,IDu85n,dlenihanqm@arstechnica.com,Female,248.107.200.108
960,102-60-3267,Skajo,Aline,Comiskey,2cPqDWYDk,acomiskeyqn@addtoany.com,Female,3.3.250.17
961,645-80-3461,Izio,Idaline,Mercik,XpUtp5RK3S9,imercikqo@artisteer.com,Female,232.0.69.235
962,262-55-2892,Meemm,Marabel,Coppin,RhnEZOTQ,mcoppinqp@guardian.co.uk,Female,238.4.169.77
963,364-50-4700,Quimba,Petronille,Mingardi,FcaHWHF,pmingardiqq@amazon.de,Female,107.194.2.142
964,471-80-1157,Blogpad,Keslie,Pancost,LJJXdQi7KR,kpancostqr@wordpress.org,Female,93.49.53.206
965,228-11-8587,Fanoodle,Sigismondo,Paulucci,4K0AR1Y,spaulucciqs@chicagotribune.com,Male,248.160.28.38
966,678-60-5097,Oba,Nissy,Hodgen,KL8gOZ5,nhodgenqt@about.me,Female,157.34.114.16
967,312-19-0891,Oozz,Delbert,Verriour,rushtjV,dverriourqu@prweb.com,Male,178.237.173.55
968,112-40-3008,Ailane,Cristine,Mallinar,YsSijxK,cmallinarqv@oakley.com,Female,47.14.120.235
969,576-70-6724,Omba,Olenka,Bischop,dGxzXAhvx,obischopqw@github.io,Female,251.112.223.119
970,438-90-9150,Photobean,Maje,Spraggon,KkmymjTy,mspraggonqx@cocolog-nifty.com,Male,187.191.113.31
971,564-88-1382,Divanoodle,Eddie,St Pierre,Aq2huDvV5Nt8,estpierreqy@businesswire.com,Male,62.179.126.108
972,636-62-7833,Talane,Wainwright,Samwaye,xxTnJS,wsamwayeqz@mysql.com,Male,233.32.9.230
973,876-75-4509,Zoonoodle,Dame,Attwool,SjNzS1uLD57,dattwoolr0@telegraph.co.uk,Male,32.173.122.240
974,224-16-4197,Gigashots,Kinnie,Duran,YsxuEZjCu3,kduranr1@eventbrite.com,Male,47.119.158.77
975,337-18-3289,Viva,Ara,Cornes,DjOMlO5I,acornesr2@macromedia.com,Male,216.240.135.180
976,193-04-2681,Rhynyx,Law,Besson,Ygrtd8YrluA,lbessonr3@senate.gov,Male,128.144.126.143
977,578-80-6688,Vinte,Gwen,Kringe,3IRpvWuxi4,gkringer4@furl.net,Female,222.72.211.124
978,577-93-1921,Tagpad,Elnore,Darcey,CavV4dzXFxG,edarceyr5@slate.com,Female,113.162.106.77
979,454-84-2662,Bubblemix,Iggy,Dawley,LV4spC8q,idawleyr6@home.pl,Male,86.25.155.5
980,265-30-4697,Photofeed,Rorke,Fugere,idGLl2vaqf6,rfugerer7@typepad.com,Male,69.7.139.46
981,844-76-7197,Wikivu,Oran,Galler,UVs7rzPOr,ogallerr8@flickr.com,Male,128.125.140.151
982,769-25-4238,Ntag,Elka,Pamment,YOZZvqwH,epammentr9@typepad.com,Female,185.103.103.16
983,305-41-9212,Tagfeed,Germaine,Glander,mnrWyihOD,gglanderra@rakuten.co.jp,Male,123.104.64.207
984,255-06-0745,Thoughtblab,Isahella,Manchett,9zUq9dySl,imanchettrb@dagondesign.com,Female,103.89.226.196
985,254-07-3191,Jaxbean,Shermie,Hain,ESFvSQggy,shainrc@cornell.edu,Male,24.63.54.99
986,369-95-9653,Snaptags,Russ,Buye,bjlfdN0u,rbuyerd@usatoday.com,Male,46.8.57.57
987,570-16-2751,Skiba,Junette,Conkling,zkQElFsnPL2B,jconklingre@mtv.com,Female,215.162.62.110
988,307-92-1565,Eire,Gradeigh,Tiffany,x7WueuWaTi,gtiffanyrf@geocities.jp,Male,45.202.220.77
989,489-71-5633,Vinte,Mariejeanne,Rosenwasser,InLa2m,mrosenwasserrg@google.com.br,Female,180.65.111.202
990,720-32-4204,Livepath,Brandtr,Lockart,yOTh9HYPXj,blockartrh@technorati.com,Male,73.199.16.110
991,630-51-7942,Youopia,Berti,Mealing,b7Db80blry,bmealingri@multiply.com,Female,13.240.239.161
992,528-20-0534,Vitz,Cesar,McKeating,mR6Diec,cmckeatingrj@1und1.de,Male,231.29.5.18
993,265-76-1561,Thoughtworks,Madison,Miquelet,yF5QSJsfuLi,mmiqueletrk@webeden.co.uk,Male,37.150.233.65
994,606-28-7741,Dabfeed,Ealasaid,McKissack,n6gZlEfCstUL,emckissackrl@reference.com,Female,186.126.28.127
995,582-38-1545,Avamba,Lucretia,Godridge,K5ejpm,lgodridgerm@seattletimes.com,Female,249.175.190.155
996,576-68-9456,Photobug,Weylin,McEwen,ag8rYu5oRj,wmcewenrn@liveinternet.ru,Male,98.124.89.138
997,100-44-3480,Feedmix,Sharron,Gonnel,U0dB57QPWI,sgonnelro@google.co.jp,Female,204.99.234.178
998,108-19-5147,Oodoo,Thalia,Biasio,kmUaQ3whPLG,tbiasiorp@msn.com,Female,88.208.92.198
999,772-49-2778,Bubbletube,Lilla,Le Quesne,FdweMB2a,llequesnerq@desdev.cn,Female,62.57.195.44
1000,711-42-3251,Innotype,Carlos,Dayer,lEQhRm,cdayerrr@cargocollective.com,Male,251.229.0.245
